position	n_covered	pct_A	pct_C	pct_G	pct_T	pct_ambiguous	pct_gap	pct_identity	entropy_bits	entropy_std
1	1965	42.3919	12.4682	10.9924	21.3232	3.9695	8.8550	48.6281	1.7807	0.9041
2	2141	49.6030	10.2289	4.6240	13.5451	2.4288	19.5703	63.5928	1.4799	0.7514
3	2523	56.6786	10.4241	3.2897	8.9576	1.7043	18.9457	71.4286	1.2771	0.6484
4	2936	1.6349	14.7480	2.7248	68.9714	1.1921	10.7289	78.3063	0.9699	0.4924
5	3170	1.4196	4.4795	7.9180	66.3722	1.1987	18.6120	82.7695	0.8912	0.4525
6	3322	1.2643	7.7363	77.9952	3.8832	0.9031	8.2179	85.8231	0.7720	0.3920
7	3839	64.2355	5.3399	12.3209	14.0141	0.4949	3.5947	66.9745	1.4051	0.7134
8	6955	75.5284	0.6039	0.5607	2.3580	0.1725	20.7764	95.5438	0.3183	0.1616
9	7499	0.0267	0.3600	96.9996	0.7734	0.1067	1.7336	98.8181	0.1049	0.0533
10	7708	91.6969	0.4670	2.1277	0.5838	0.0778	5.0467	96.6498	0.2533	0.1286
11	7912	0.3033	0.2149	94.1102	0.5056	0.0632	4.8028	98.9239	0.1019	0.0517
12	8077	0.3467	0.4086	0.3343	97.9819	0.0371	0.8914	98.9003	0.1047	0.0532
13	8170	0.2570	0.4651	0.2203	97.5398	0.1102	1.4076	99.0430	0.0923	0.0469
14	8327	0.3002	1.0928	0.2282	95.8448	0.1561	2.3778	98.3366	0.1426	0.0724
15	8472	0.1416	0.1416	97.0963	0.6138	0.2125	1.7941	99.0846	0.0863	0.0438
16	8638	97.4647	0.2084	0.1852	0.3936	0.0579	1.6902	99.1988	0.0793	0.0403
17	8872	0.6312	0.6087	0.1916	96.5735	0.1240	1.8711	98.5394	0.1309	0.0665
18	9437	0.1378	96.9482	0.1378	0.8795	1.0491	0.8477	98.8226	0.1045	0.0530
19	9544	18.5352	71.9929	0.3667	0.7963	1.2469	7.0620	78.5167	0.8316	0.4222
20	10011	0.1798	0.4295	0.1299	97.6126	0.1498	1.4984	99.2484	0.0743	0.0377
21	10359	0.2993	0.5309	98.5037	0.3475	0.1158	0.2027	98.8185	0.1108	0.0563
22	11020	2.7314	0.2995	93.8657	0.4537	0.1089	2.5408	96.4206	0.2571	0.1305
23	11355	0.3787	95.7904	0.1057	3.0031	0.0528	0.6693	96.4872	0.2436	0.1237
24	11681	0.1627	0.0685	0.4109	98.4419	0.0342	0.8818	99.3520	0.0646	0.0328
25	11874	0.0926	98.4083	0.1432	0.2779	0.0590	1.0190	99.4807	0.0544	0.0276
26	12196	94.8754	2.7386	1.3119	0.2706	0.0902	0.7133	95.6439	0.3102	0.1575
27	14174	0.0776	0.0917	99.1181	0.1552	0.0706	0.4868	99.6736	0.0366	0.0186
28	15923	95.4594	0.2889	3.2846	0.1193	0.0440	0.8039	96.2757	0.2518	0.1278
29	16006	15.6316	32.6940	6.3351	44.7207	0.1874	0.4311	44.9991	1.7190	0.8728
30	16238	0.4804	16.9233	0.1663	28.6673	0.3141	53.4487	62.0005	1.0560	0.5362
31	16410	0.1950	0.4997	97.4650	0.0366	0.1463	1.6575	99.2553	0.0715	0.0363
32	16557	99.1424	0.1631	0.1570	0.0785	0.0664	0.3926	99.5995	0.0437	0.0222
33	16696	96.1847	0.1318	0.2456	2.3179	0.0839	1.0362	97.2742	0.1999	0.1015
34	16878	0.0948	98.8565	0.2666	0.2785	0.0711	0.4325	99.3569	0.0654	0.0332
35	17025	0.2115	0.1703	96.6579	0.2467	0.1527	2.5609	99.3540	0.0664	0.0337
36	17208	0.4010	97.5535	0.2034	1.1274	0.0697	0.6450	98.2558	0.1487	0.0755
37	17376	0.3223	0.3223	0.2244	98.5900	0.1036	0.4374	99.1263	0.0860	0.0437
38	17601	14.0787	0.1420	85.0406	0.4488	0.1477	0.1420	85.2877	0.6431	0.3265
39	17706	0.5761	2.2987	95.5891	0.5422	0.1130	0.8811	96.5488	0.2593	0.1317
40	17789	0.2024	98.5834	0.1799	0.5565	0.0506	0.4272	99.0567	0.0900	0.0457
41	17893	0.6707	0.0782	97.2950	1.5928	0.0559	0.3074	97.6498	0.1856	0.0942
42	17964	1.5308	0.0724	97.4004	0.2060	0.0891	0.7014	98.1764	0.1450	0.0736
43	18032	0.9372	91.8035	1.9521	2.5621	0.0444	2.7008	94.3947	0.3945	0.2003
44	18084	53.2460	0.1161	1.3714	0.5917	0.0553	44.6196	96.2419	0.2741	0.1392
45	18264	0.1807	0.5640	83.8863	15.0077	0.0876	0.2738	84.1906	0.6791	0.3448
46	18375	0.3265	0.0653	98.0463	0.2776	0.0490	1.2354	99.3219	0.0678	0.0344
47	18443	1.0519	96.4973	0.1789	1.6537	0.0596	0.5585	97.0975	0.2255	0.1145
48	18574	0.2423	52.0028	0.2261	45.0253	0.1077	2.3958	53.3381	1.0402	0.5281
49	18667	0.0375	0.0482	0.2893	97.7983	0.0429	1.7839	99.6180	0.0400	0.0203
50	18787	91.8933	0.4737	0.6707	6.5684	0.0692	0.3247	92.2567	0.4512	0.2291
51	18893	93.8390	0.3652	0.8733	2.1437	0.0900	2.6888	96.5211	0.2620	0.1330
52	18973	0.1212	76.5931	2.1979	19.4487	0.1107	1.5285	77.8695	0.8778	0.4457
53	19043	94.9483	0.1733	2.0322	0.5829	0.0893	2.1740	97.1470	0.2170	0.1102
54	19215	0.0364	98.1265	0.4215	0.3487	0.0677	0.9992	99.1846	0.0782	0.0397
55	19337	98.3451	0.1810	0.2224	0.1396	0.0672	1.0446	99.4509	0.0577	0.0293
56	19680	0.0965	0.5030	0.4065	98.6484	0.0457	0.2998	98.9904	0.0951	0.0483
57	19803	0.1111	0.1414	98.9295	0.1515	0.1111	0.5555	99.5933	0.0446	0.0226
58	19877	0.0704	97.9776	1.4137	0.1761	0.0604	0.3019	98.3338	0.1345	0.0683
59	19929	97.0646	0.3262	1.1140	1.2896	0.1104	0.0953	97.2647	0.2194	0.1114
60	20039	93.2082	0.1497	1.0430	0.6587	0.0898	4.8505	98.0524	0.1636	0.0831
61	20164	0.1289	0.1587	98.5172	0.5554	0.0793	0.5604	99.1515	0.0813	0.0413
62	20225	0.1088	0.9839	0.5686	97.3449	0.0643	0.9295	98.3220	0.1437	0.0729
63	20280	0.6607	97.2387	0.9270	0.7150	0.0592	0.3994	97.6866	0.1950	0.0990
64	20329	0.1328	0.0738	98.4505	0.6100	0.0738	0.6592	99.1774	0.0775	0.0393
65	20365	91.8586	1.7235	3.3489	2.0329	0.1080	0.9281	92.8203	0.4820	0.2447
66	20421	50.7909	0.1469	40.4437	1.8363	0.1518	6.6304	54.4862	1.1263	0.5718
67	20518	0.1511	85.7296	7.2473	1.4036	0.0536	5.4148	90.6888	0.5170	0.2625
68	20626	0.4121	0.3006	96.6305	0.7854	0.0533	1.8181	98.4733	0.1363	0.0692
69	20712	10.1825	6.7980	65.4693	0.4056	0.0772	17.0674	79.0164	0.9737	0.4944
70	20824	2.7660	13.5949	5.7146	45.1498	0.0624	32.7123	67.1619	1.3437	0.6823
71	20899	67.9171	2.8231	9.0674	3.0576	0.0813	17.0534	81.9610	0.9262	0.4703
72	20970	48.5551	1.8073	15.1264	7.0672	0.1574	27.2866	66.9208	1.3193	0.6699
73	21078	0.1044	59.4269	1.9879	5.5413	0.1044	32.8352	88.6169	0.6167	0.3131
74	21168	50.8834	3.4580	3.9210	6.9539	0.1606	34.6230	78.0225	1.0922	0.5546
75	21244	1.2286	5.4510	75.5366	12.0316	0.1600	5.5922	80.1468	0.9544	0.4846
76	21304	1.4504	9.3316	51.9011	7.2381	0.2018	29.8770	74.2280	1.1616	0.5898
77	21373	50.6995	15.9594	4.8987	9.4933	0.2199	18.7292	62.5527	1.4921	0.7576
78	21436	34.3254	11.7279	6.0132	10.5757	0.2006	37.1571	54.7959	1.6859	0.8560
79	21505	0.2465	7.0402	63.6643	5.4220	0.1163	23.5108	83.3597	0.8336	0.4232
80	21543	42.7981	8.8381	5.0689	14.9515	0.1810	28.1623	59.7266	1.5585	0.7913
81	21607	34.3592	3.4850	1.5828	4.8179	0.2129	55.5422	77.6569	1.0923	0.5546
82	21656	0.5772	2.5397	59.1060	2.1703	0.1385	35.4682	91.7892	0.5232	0.2657
83	21704	1.5343	84.4360	0.9768	1.6955	0.1152	11.2422	95.2544	0.3490	0.1772
84	21734	4.8910	1.8910	3.5014	76.1296	0.1012	13.4858	88.0997	0.7036	0.3573
85	21783	5.6833	4.0582	1.1247	68.1816	0.1377	20.8144	86.2536	0.7643	0.3881
86	21822	2.4700	2.1630	59.6187	2.1950	0.1696	33.3837	89.7241	0.6403	0.3251
87	21849	1.6889	82.7910	6.8607	0.4440	0.1053	8.1102	90.2015	0.5572	0.2829
88	21878	11.0019	1.2844	17.1177	64.0415	0.1691	6.3854	68.5336	1.2705	0.6451
89	21904	10.3451	11.9111	17.5082	40.5542	0.2374	19.4439	50.4917	1.7660	0.8967
90	21955	3.3295	70.5807	15.4452	0.5329	0.1913	9.9203	78.5204	0.9305	0.4725
91	21985	9.0016	8.7150	32.9361	41.9104	0.2092	7.2277	45.2776	1.6960	0.8611
92	22018	7.3803	7.9753	33.0366	37.5238	0.2135	13.8705	43.6750	1.6747	0.8503
93	22050	10.3356	5.2562	18.4490	29.0340	0.1769	36.7483	46.0311	1.7603	0.8938
94	22092	5.0833	1.0999	79.0331	0.6382	0.1177	14.0277	92.0546	0.4845	0.2460
95	22110	13.7630	39.9141	11.7413	2.7318	0.1673	31.6825	58.5678	1.5413	0.7826
96	22140	5.9801	3.0985	7.0822	63.1933	0.1265	20.5194	79.6346	1.0365	0.5263
97	22182	6.2258	0.9602	71.1343	3.9041	0.1127	17.6630	86.5124	0.7465	0.3790
98	22211	68.4526	0.8239	11.7014	4.8895	0.0675	14.0651	79.7190	0.9523	0.4835
99	22246	3.3894	58.9364	4.0322	14.9870	0.1214	18.5337	72.4525	1.1923	0.6054
100	22273	0.7633	3.1563	68.5763	16.7467	0.1078	10.6497	76.8426	0.9743	0.4947
101	22315	87.4031	3.7105	0.4212	0.1255	0.0224	8.3173	95.3554	0.3014	0.1530
102	22330	0.1791	7.2324	85.7412	0.1120	0.0806	6.6547	91.9332	0.4266	0.2166
103	22340	0.4834	40.2328	0.0358	54.4047	0.0403	4.8030	57.1738	1.0292	0.5226
104	22366	1.0015	0.4516	96.4366	0.6751	0.0447	1.3905	97.8408	0.1829	0.0929
105	22377	0.1341	0.0670	94.4765	0.0715	0.0760	5.1750	99.7123	0.0328	0.0166
106	22386	0.0625	99.3389	0.0313	0.1429	0.0357	0.3886	99.7622	0.0273	0.0139
107	22428	7.9410	0.0580	91.6087	0.0803	0.0268	0.2854	91.8955	0.4173	0.2119
108	22442	37.5947	17.4494	42.8126	1.6977	0.0356	0.4099	43.0042	1.5946	0.8096
109	22455	99.6126	0.0668	0.0401	0.0445	0.0089	0.2271	99.8482	0.0187	0.0095
110	22455	0.9040	96.6867	0.0490	2.1421	0.0134	0.2049	96.8982	0.2299	0.1167
111	22471	1.4864	0.1068	97.0896	1.2282	0.0223	0.0668	97.1761	0.2190	0.1112
112	22481	0.0801	0.2802	99.4128	0.0445	0.0133	0.1690	99.5945	0.0428	0.0218
113	22484	0.0311	2.8376	96.8466	0.0445	0.0311	0.2090	97.0798	0.1962	0.0996
114	22490	0.3068	0.1556	0.0222	99.2219	0.0178	0.2757	99.5139	0.0499	0.0254
115	22495	0.1600	2.3427	95.1234	2.0760	0.0311	0.2667	95.4075	0.3231	0.1640
116	22497	84.9002	14.9442	0.0756	0.0267	0.0089	0.0445	84.9455	0.6209	0.3152
117	22501	0.1200	0.0933	99.4622	0.0756	0.0311	0.2178	99.7104	0.0331	0.0168
118	22506	0.0178	0.6087	3.8345	95.3968	0.0222	0.1200	95.5326	0.2906	0.1476
119	22508	99.8045	0.0711	0.0178	0.0444	0.0444	0.0178	99.8666	0.0165	0.0084
120	22523	99.0454	0.3286	0.1243	0.0311	0.0044	0.4662	99.5138	0.0499	0.0253
121	22526	0.6082	77.4794	0.4972	21.1445	0.0311	0.2397	77.6897	0.8404	0.4267
122	22533	49.4564	0.3905	49.7981	0.0178	0.0666	0.2707	49.9666	1.0353	0.5257
123	22537	0.4482	3.7139	0.2174	10.3696	0.0266	85.2243	70.3069	1.1012	0.5591
124	22547	6.5020	92.8106	0.2750	0.0577	0.0133	0.3415	93.1411	0.3821	0.1940
125	22552	0.4479	0.0931	0.0887	94.1912	0.0044	5.1747	99.3360	0.0653	0.0331
126	22562	20.4946	7.8539	70.0337	1.4671	0.0266	0.1241	70.1394	1.2058	0.6122
127	22572	13.4149	1.9139	72.5899	11.5276	0.0177	0.5361	72.9942	1.1914	0.6049
128	22578	2.7283	2.5733	85.7738	1.1826	0.0399	7.7022	92.9717	0.4726	0.2399
129	22579	49.1607	24.9701	2.2765	23.5219	0.0399	0.0310	49.1956	1.6189	0.8220
130	22582	92.7819	0.9211	4.4416	1.7093	0.0177	0.1284	92.9176	0.4610	0.2341
131	22590	62.6693	5.1439	0.4560	17.2953	0.0177	14.4179	73.2423	1.0794	0.5480
132	22593	0.0000	95.0162	0.8056	2.0050	0.0354	2.1378	97.1270	0.2128	0.1081
133	22595	0.1239	0.3850	0.0310	99.2255	0.0310	0.2036	99.4588	0.0543	0.0276
134	22598	28.1441	0.3230	69.3513	1.8851	0.1106	0.1859	69.5575	1.0144	0.5151
135	22600	0.0708	98.9115	0.5664	0.4071	0.0000	0.0442	98.9553	0.0970	0.0493
136	22601	0.0796	99.4691	0.1106	0.1504	0.0088	0.1814	99.6587	0.0381	0.0194
137	22601	0.6902	22.8176	0.2920	73.9259	0.0487	2.2256	75.6463	0.8701	0.4418
138	22602	2.9865	13.3307	38.7045	24.2589	0.0664	20.6530	48.8197	1.6385	0.8319
139	22604	62.8738	3.9683	4.1939	7.7685	0.0442	21.1511	79.7844	1.0318	0.5239
140	22609	11.0752	4.0471	0.4423	73.9750	0.0398	10.4206	82.6171	0.8403	0.4267
141	22611	27.0090	24.7932	41.4931	6.1298	0.0398	0.5351	41.7330	1.7844	0.9060
142	22616	2.5867	17.3417	44.9284	23.0987	0.0619	11.9827	51.0808	1.6131	0.8190
143	22619	45.8287	7.5600	0.7029	25.7527	0.0265	20.1291	57.3976	1.3684	0.6948
144	22621	2.3916	20.8833	62.0530	14.5838	0.0354	0.0530	62.1079	1.4329	0.7276
145	22622	4.2127	11.2855	68.8003	15.5999	0.0486	0.0530	68.8703	1.3369	0.6788
146	22625	2.5547	2.0729	93.1182	1.9050	0.0088	0.3403	93.4445	0.4523	0.2296
147	22627	6.0415	0.5569	79.2284	0.1635	0.0221	13.9877	92.1365	0.4423	0.2246
148	22629	8.6791	0.4773	66.1054	0.3138	0.0177	24.4067	87.4693	0.6065	0.3079
149	22633	99.7968	0.0574	0.0221	0.0353	0.0133	0.0751	99.8850	0.0146	0.0074
150	22633	0.5700	13.6880	0.0530	85.4858	0.0177	0.1856	85.6599	0.6327	0.3213
151	22634	99.7614	0.0442	0.0574	0.0972	0.0265	0.0133	99.8011	0.0237	0.0120
152	22635	74.0711	1.2017	24.3693	0.1370	0.0442	0.1767	74.2351	0.9056	0.4598
153	22637	0.0177	98.4936	0.0972	0.1369	0.0177	1.2369	99.7450	0.0289	0.0147
154	22639	0.6096	30.5270	5.2564	40.0459	0.0398	23.5214	52.3895	1.3386	0.6797
155	22640	32.9549	11.7889	3.8163	8.4761	0.0309	42.9329	57.7790	1.5972	0.8109
156	22640	0.5433	75.5875	11.0601	6.3825	0.0221	6.4046	80.7789	0.9203	0.4672
157	22640	9.8896	7.1952	24.2712	51.1793	0.0133	7.4514	55.3079	1.6103	0.8176
158	22641	1.9345	6.8857	89.0464	2.0891	0.0044	0.0398	89.0858	0.6412	0.3256
159	22642	0.2252	0.0795	94.2275	0.0618	0.0044	5.4015	99.6125	0.0418	0.0212
160	22642	99.6246	0.1325	0.1502	0.0618	0.0132	0.0177	99.6554	0.0383	0.0195
161	22643	99.7218	0.0088	0.1237	0.0927	0.0088	0.0442	99.7746	0.0257	0.0131
162	22646	99.5893	0.0309	0.0927	0.1192	0.0177	0.1501	99.7567	0.0281	0.0143
163	22647	0.1457	77.6659	3.3117	8.7296	0.0177	10.1294	86.4367	0.6991	0.3550
164	22652	2.5163	2.5605	76.6290	16.9875	0.0132	1.2935	77.6436	0.9920	0.5037
165	22655	12.5359	2.9177	69.1326	1.7612	0.0441	13.6085	80.0634	0.9407	0.4776
166	22655	5.1026	4.4052	13.8954	45.9413	0.0662	30.5893	66.2508	1.3879	0.7047
167	22656	44.2752	1.4477	15.4131	1.0990	0.0309	37.7339	71.1418	1.0772	0.5469
168	22658	0.2516	0.1236	91.2305	7.1851	0.0177	1.1916	92.3472	0.4151	0.2108
169	22659	12.4586	73.9044	1.6329	1.5005	0.0265	10.4771	82.5780	0.8283	0.4206
170	22660	0.0441	0.2162	0.0309	99.2586	0.0044	0.4457	99.7074	0.0320	0.0162
171	22663	99.4661	0.1324	0.1633	0.1677	0.0529	0.0176	99.5364	0.0499	0.0254
172	22715	99.6478	0.0528	0.0484	0.1453	0.0044	0.1013	99.7532	0.0284	0.0144
173	22719	0.4049	1.6638	1.2589	96.1618	0.0176	0.4930	96.6553	0.2582	0.1311
174	22720	93.3187	1.3556	3.7192	0.8363	0.0308	0.7394	94.0430	0.4036	0.2049
175	22721	0.0836	98.9349	0.5458	0.3741	0.0044	0.0572	98.9959	0.0942	0.0478
176	22722	0.3609	94.2787	0.6161	4.2514	0.0264	0.4665	94.7457	0.3429	0.1741
177	22724	0.8009	5.6900	85.9884	3.9958	0.0352	3.4897	89.1301	0.6365	0.3232
178	22724	5.9453	47.4784	35.7728	8.7573	0.0704	1.9759	48.4703	1.5939	0.8093
179	22726	96.8010	0.0836	1.8745	0.4004	0.0132	0.8272	97.6215	0.1829	0.0928
180	22726	0.0132	0.1100	0.1364	99.4016	0.0132	0.3256	99.7395	0.0293	0.0149
181	22728	86.0480	0.1408	10.8193	0.1760	0.0836	2.7323	88.5413	0.5382	0.2733
182	22733	49.6283	1.2713	5.7669	8.7538	0.0396	34.5401	75.8607	1.1100	0.5636
183	22737	2.3354	61.6748	2.0891	13.4890	0.1627	20.2489	77.4923	1.0063	0.5109
184	22743	14.2769	7.9057	65.7697	4.8498	0.0747	7.1231	70.8708	1.2927	0.6564
185	22745	15.2121	12.0642	0.8573	64.5109	0.0484	7.3071	69.6327	1.2371	0.6281
186	22747	6.1415	76.1419	2.6729	7.0954	0.0747	7.8736	82.7165	0.9203	0.4673
187	22748	5.9566	4.0487	43.0280	17.9840	0.0879	28.8948	60.5881	1.4753	0.7490
188	22749	2.0353	69.9987	4.3430	8.2509	0.1407	15.2314	82.7135	0.9031	0.4585
189	22751	50.8989	5.1954	10.1666	28.5526	0.1494	5.0371	53.6832	1.5782	0.8013
190	22756	39.5061	10.2830	9.7249	24.1694	0.1450	16.1716	47.2089	1.7612	0.8942
191	22756	0.3779	4.3549	77.7246	6.6224	0.0879	10.8323	87.2527	0.6967	0.3538
192	22757	44.2062	3.8406	24.6518	10.2035	0.1362	16.9618	53.3234	1.5813	0.8029
193	22760	2.0387	58.0580	22.4956	15.8216	0.0923	1.4938	58.9937	1.4757	0.7492
194	22763	4.2964	53.7231	16.2369	9.1684	0.0879	16.4873	64.3971	1.4389	0.7306
195	22782	63.4887	2.0016	15.6483	15.1523	0.1010	3.6081	65.9343	1.3582	0.6896
196	22784	45.4529	15.5021	7.1805	25.9656	0.0527	5.8462	48.3022	1.7315	0.8792
197	22788	60.0843	10.0184	9.5006	5.7750	0.1229	14.4989	70.3742	1.3348	0.6777
198	22790	0.8513	2.9136	77.9070	12.9092	0.1009	5.3181	82.3707	0.8384	0.4257
199	22796	50.8686	10.0281	2.5750	16.7178	0.1184	19.6921	63.4354	1.4225	0.7223
200	22798	5.6189	4.5969	66.0760	23.1380	0.1272	0.4430	66.4549	1.3206	0.6705
201	22802	7.0608	5.7583	68.0467	18.2177	0.0789	0.8376	68.6761	1.3317	0.6761
202	22804	9.4545	3.8239	63.8704	21.3778	0.1096	1.3638	64.8255	1.3901	0.7058
203	22806	10.3306	4.0866	64.8733	11.9618	0.0789	8.6688	71.0922	1.2907	0.6553
204	22806	12.3696	3.2623	55.5249	6.6956	0.0877	22.0600	71.3208	1.2656	0.6426
205	22807	74.4157	0.8594	1.0874	10.8037	0.0921	12.7417	85.3722	0.7127	0.3619
206	22809	20.7593	32.3337	13.9506	19.4660	0.0833	13.4070	37.3758	1.9335	0.9817
207	22811	14.5938	37.3811	18.0571	5.7648	0.0614	24.1419	49.3175	1.7363	0.8816
208	22812	7.5267	0.2937	11.6386	77.1787	0.0263	3.3360	79.8639	0.9391	0.4768
209	22814	9.2093	3.4759	4.1159	62.5405	0.1008	20.5576	78.8244	1.0504	0.5333
210	22816	18.2723	49.4390	3.2959	12.4912	0.1008	16.4008	59.2095	1.5215	0.7725
211	22819	25.0800	1.9063	66.3920	5.7321	0.0701	0.8195	66.9880	1.2363	0.6277
212	22821	18.5224	1.4767	61.8947	4.3162	0.0570	13.7330	71.7953	1.1367	0.5771
213	22823	15.3880	0.5389	52.0966	5.7048	0.0613	26.2104	70.6602	1.1633	0.5907
214	22824	18.3053	57.3475	2.4404	10.9271	0.0789	10.9008	64.4207	1.3916	0.7066
215	22825	15.9168	37.6780	7.4567	12.6572	0.0701	26.2212	51.1175	1.7432	0.8851
216	22826	7.3425	0.2278	7.9602	79.3218	0.0307	5.1170	83.6266	0.8224	0.4176
217	22829	8.2789	49.4809	5.9530	10.4297	0.1051	25.7523	66.7376	1.4327	0.7274
218	22832	9.8502	8.1684	13.5380	60.4327	0.0745	7.9362	65.6954	1.4604	0.7415
219	22834	5.2378	15.1090	9.5515	41.3024	0.0438	28.7554	58.0084	1.5961	0.8104
220	22834	5.5882	0.5299	80.4327	6.2889	0.0307	7.1297	86.6362	0.7290	0.3701
221	22835	7.8213	62.5925	11.3291	7.8082	0.0613	10.3876	69.8958	1.3526	0.6868
222	22837	3.8709	35.2279	20.0552	18.7021	0.0613	22.0826	45.2475	1.7313	0.8790
223	22838	68.1583	1.3749	16.4725	5.6791	0.0525	8.2625	74.3397	1.1024	0.5597
224	22838	9.0901	0.7794	5.4777	70.2645	0.0613	14.3270	82.0734	0.8929	0.4534
225	22838	17.0987	31.1411	12.8996	12.7332	0.0701	26.0574	42.1552	1.8908	0.9600
226	22843	14.0875	0.4334	84.0039	1.3046	0.0438	0.1270	84.1475	0.7240	0.3676
227	22843	1.0682	0.8843	87.6943	0.2889	0.0482	10.0162	97.5078	0.2036	0.1034
228	22844	93.2893	1.1206	1.6678	1.2563	0.0131	2.6528	95.8444	0.3144	0.1596
229	22844	2.1362	2.8104	2.7316	82.0609	0.0131	10.2478	91.4439	0.5562	0.2824
230	22844	2.8629	1.4402	90.4526	0.2758	0.0263	4.9422	95.1817	0.3361	0.1706
231	22844	29.0492	7.7745	27.4251	17.2649	0.0306	18.4556	35.6372	1.8568	0.9428
232	22847	3.1251	0.1050	93.0713	0.4027	0.0219	3.2740	96.2433	0.2568	0.1304
233	22847	8.6663	74.2811	12.0847	4.1012	0.0394	0.8272	74.9305	1.1796	0.5989
234	22848	2.4379	73.1005	4.0923	14.5527	0.0438	5.7729	77.6151	1.0331	0.5245
235	22848	0.1225	68.7631	3.7421	18.0103	0.0175	9.3444	75.8656	0.9683	0.4916
236	22848	26.1555	0.2276	12.9771	3.2913	0.0788	57.2698	61.3238	1.2804	0.6501
237	22848	0.1182	0.7353	90.4674	3.1425	0.0219	5.5147	95.7698	0.2896	0.1471
238	22849	20.9900	56.6152	4.3328	10.4994	0.0394	7.5233	61.2471	1.4822	0.7526
239	22851	0.4639	1.4398	0.1357	61.9885	0.0044	35.9678	96.8150	0.2386	0.1212
240	22851	6.9625	24.8085	65.2488	1.7461	0.0088	1.2253	66.0641	1.2684	0.6440
241	22852	4.6954	14.4189	67.5039	10.1129	0.0131	3.2557	69.7851	1.3240	0.6722
242	22853	0.2625	28.4164	51.9188	4.3845	0.0175	15.0002	61.0937	1.2092	0.6140
243	22854	77.8595	21.5017	0.1444	0.1444	0.0088	0.3413	78.1330	0.7829	0.3975
244	22854	0.2319	0.3150	0.1050	99.3174	0.0088	0.0219	99.3478	0.0663	0.0336
245	22854	0.0831	4.3669	0.0656	95.1693	0.0306	0.2844	95.4701	0.2770	0.1407
246	22854	99.4924	0.0700	0.1050	0.0000	0.0088	0.3238	99.8244	0.0203	0.0103
247	22854	0.2144	0.0875	99.5406	0.0788	0.0306	0.0481	99.6190	0.0415	0.0211
248	22854	3.0892	80.9924	10.5014	5.1632	0.0219	0.2319	81.1985	0.9623	0.4886
249	22854	0.0219	0.5119	0.0394	99.1993	0.0000	0.2275	99.4255	0.0544	0.0276
250	22854	70.1671	0.3894	2.4110	26.5774	0.1706	0.2844	70.4879	1.0256	0.5207
251	22855	0.0394	0.0481	99.5756	0.0700	0.0175	0.2494	99.8421	0.0194	0.0099
252	22856	0.0306	0.0569	0.0569	94.4391	0.0044	5.4121	99.8473	0.0188	0.0096
253	22856	10.2293	0.2319	0.0569	89.0401	0.0175	0.4244	89.4353	0.5079	0.2579
254	22856	0.4900	0.0263	99.4181	0.0613	0.0044	0.0000	99.4224	0.0556	0.0282
255	22856	0.1050	0.2494	99.2737	0.2581	0.0000	0.1138	99.3868	0.0630	0.0320
256	22856	1.2294	8.2035	0.1838	90.1908	0.0394	0.1531	90.3647	0.5232	0.2657
257	22856	13.4450	0.2756	85.9249	0.2931	0.0613	0.0000	85.9776	0.6249	0.3173
258	22856	38.1825	0.4463	58.6804	2.6120	0.0613	0.0175	58.7267	1.1536	0.5857
259	22856	0.2844	0.3019	98.6437	0.7219	0.0131	0.0350	98.6912	0.1195	0.0607
260	22856	1.1507	0.2231	98.4774	0.0438	0.0088	0.0963	98.5809	0.1191	0.0605
261	22857	0.2888	0.4288	0.0000	99.1819	0.0263	0.0744	99.2818	0.0685	0.0348
262	22857	93.5031	0.0919	6.1907	0.1794	0.0350	0.0000	93.5358	0.3644	0.1850
263	22857	96.9244	0.0350	2.9138	0.0219	0.0131	0.0919	97.0262	0.1977	0.1004
264	22859	21.2695	36.3795	1.3430	39.1137	0.1531	1.7411	39.8689	1.6226	0.8238
265	22859	3.5522	0.0175	95.7216	0.5075	0.0394	0.1619	95.9146	0.2699	0.1371
266	22859	0.2625	0.1181	99.0944	0.1444	0.0219	0.3587	99.4730	0.0553	0.0281
267	22859	0.0306	99.6675	0.0394	0.1269	0.0087	0.1269	99.8029	0.0231	0.0117
268	22859	1.0980	15.6437	0.9712	46.0956	0.0306	36.1608	72.2405	1.0289	0.5224
269	22859	0.0437	88.3066	0.1969	8.8193	0.0525	2.5810	90.6951	0.4647	0.2360
270	22861	98.7140	0.4418	0.2887	0.1444	0.0131	0.3981	99.1215	0.0854	0.0434
271	22861	0.1925	99.6413	0.0525	0.0744	0.0000	0.0394	99.6806	0.0354	0.0180
272	22862	0.0481	99.3045	0.0350	0.1356	0.1356	0.3412	99.7802	0.0255	0.0129
273	22862	89.3185	0.0350	0.2537	6.6223	0.0481	3.7223	92.8182	0.3923	0.1992
274	22862	97.5899	0.1225	0.0919	0.0875	0.0000	2.1083	99.6917	0.0350	0.0178
275	22863	0.7348	0.0569	98.9503	0.2449	0.0044	0.0087	98.9633	0.0943	0.0479
276	22863	4.1902	10.9216	81.5772	3.1229	0.0525	0.1356	81.7309	0.9356	0.4750
277	22863	0.2537	99.3964	0.0131	0.2099	0.0044	0.1225	99.5226	0.0492	0.0250
278	22863	9.6357	1.3734	74.3297	12.2425	0.1006	2.3182	76.1721	1.0912	0.5540
279	22863	90.4431	0.1487	0.9841	6.2022	0.1093	2.1126	92.4983	0.4374	0.2221
280	22863	1.0191	84.6214	0.5642	13.0429	0.0000	0.7523	85.2629	0.6911	0.3509
281	22863	2.0076	0.0612	97.1395	0.5380	0.0437	0.2099	97.3865	0.1978	0.1004
282	22863	99.7070	0.0131	0.0875	0.0525	0.0087	0.1312	99.8467	0.0185	0.0094
283	22863	0.0306	0.0131	0.0612	73.7217	0.0131	26.1602	99.8578	0.0174	0.0088
284	22865	6.5777	72.6307	20.4242	0.2799	0.0262	0.0612	72.6942	1.0848	0.5508
285	22866	10.7015	33.5651	42.7403	12.8663	0.0087	0.1181	42.7946	1.7789	0.9032
286	22866	14.2176	11.3575	67.3445	6.8661	0.0087	0.2055	67.4892	1.4059	0.7138
287	22866	0.0437	0.0787	0.1181	99.6326	0.0875	0.0394	99.7592	0.0280	0.0142
288	22866	99.0904	0.5904	0.2143	0.0350	0.0044	0.0656	99.1597	0.0788	0.0400
289	22866	4.3514	0.4767	91.8963	0.7741	0.0175	2.4840	94.2541	0.3736	0.1897
290	22866	0.0525	87.0419	12.4858	0.1574	0.0131	0.2493	87.2709	0.5671	0.2880
291	22866	0.2711	42.5173	6.5337	39.7796	0.0131	10.8852	47.7177	1.3306	0.6756
292	22866	0.0962	0.0569	99.7289	0.0087	0.1093	0.0000	99.8380	0.0193	0.0098
293	22866	14.4975	0.0481	84.2823	1.0102	0.0262	0.1356	84.4189	0.6829	0.3467
294	22866	2.7114	42.0406	0.5510	53.4199	0.0219	1.2551	54.1109	1.1881	0.6033
295	22866	0.0962	88.6556	1.3557	8.3268	0.0569	1.5088	90.0658	0.5323	0.2703
296	22866	0.0219	0.2012	0.0656	99.5321	0.0131	0.1662	99.7108	0.0318	0.0162
297	22866	0.7478	0.0700	97.4416	1.6487	0.0175	0.0743	97.5312	0.1931	0.0980
298	22867	99.4359	0.1312	0.2930	0.0962	0.0087	0.0350	99.4794	0.0544	0.0276
299	22868	0.1487	0.0306	99.3003	0.4023	0.0306	0.0875	99.4177	0.0580	0.0294
300	22868	99.6108	0.0918	0.0612	0.0875	0.0175	0.1312	99.7591	0.0282	0.0143
301	22869	0.0831	0.1006	99.7376	0.0700	0.0087	0.0000	99.7464	0.0295	0.0150
302	22869	0.2973	3.1615	94.5559	0.0525	0.0219	1.9109	96.4195	0.2416	0.1227
303	22869	54.0295	0.8877	42.4111	1.7884	0.0087	0.8745	54.5110	1.1667	0.5924
304	22869	3.7343	20.6437	2.3569	68.6606	0.0219	4.5826	71.9747	1.1343	0.5759
305	22870	1.3511	0.1574	97.7307	0.4285	0.0612	0.2711	98.0565	0.1604	0.0814
306	22870	92.6891	0.1443	5.8155	1.2112	0.0219	0.1181	92.8190	0.4295	0.2181
307	22870	4.3113	52.7460	0.1355	42.7547	0.0175	0.0350	52.7736	1.2192	0.6190
308	22870	0.0219	97.5776	2.0551	0.1968	0.0219	0.1268	97.7229	0.1682	0.0854
309	22870	39.7158	14.9585	40.6296	0.3105	0.0306	4.3551	42.4933	1.4967	0.7599
310	22870	0.0743	1.3336	87.1185	0.1181	0.0568	11.2986	98.2785	0.1370	0.0696
311	22870	0.8045	91.0844	2.7766	5.2689	0.0131	0.0525	91.1442	0.5454	0.2769
312	22870	1.9327	95.3520	0.0743	0.1793	0.0219	2.4399	97.7586	0.1687	0.0856
313	22870	99.0774	0.0525	0.2667	0.3804	0.0175	0.2055	99.2988	0.0693	0.0352
314	22870	0.0656	96.7949	2.9471	0.1137	0.0087	0.0700	96.8712	0.2124	0.1079
315	22870	99.6546	0.0350	0.1268	0.0525	0.0219	0.1093	99.7855	0.0251	0.0127
316	22871	1.2942	84.0016	1.0537	12.1945	0.0131	1.4429	85.2427	0.7215	0.3663
317	22871	0.0175	0.9707	3.8127	93.6951	0.0131	1.4910	95.1258	0.3181	0.1615
318	22871	0.0700	0.0262	99.8688	0.0175	0.0044	0.0131	99.8863	0.0143	0.0072
319	22871	0.0350	0.0219	99.7989	0.0525	0.0000	0.0918	99.8906	0.0140	0.0071
320	22871	20.0909	3.9176	66.2280	9.7416	0.0131	0.0087	66.2425	1.3693	0.6952
321	22871	98.0368	0.2230	0.0743	0.3891	0.0219	1.2549	99.3047	0.0691	0.0351
322	22872	0.0175	99.4841	0.1049	0.2099	0.0131	0.1705	99.6671	0.0361	0.0183
323	22872	0.0219	0.0656	0.1093	99.7071	0.0000	0.0962	99.8031	0.0232	0.0118
324	22872	0.0393	0.0306	99.7683	0.1224	0.0175	0.0219	99.8075	0.0226	0.0115
325	22872	99.0644	0.0831	0.1530	0.0743	0.0000	0.6252	99.6876	0.0352	0.0179
326	22872	0.8088	0.2099	98.8414	0.0350	0.0306	0.0743	98.9452	0.0941	0.0478
327	22873	99.6109	0.1006	0.1268	0.1530	0.0087	0.0000	99.6196	0.0420	0.0213
328	22873	0.2405	91.8244	0.2798	7.4105	0.0219	0.2230	92.0498	0.4334	0.2200
329	22873	99.6677	0.0262	0.1224	0.1093	0.0437	0.0306	99.7419	0.0295	0.0150
330	22874	2.0110	97.6261	0.1049	0.1880	0.0044	0.0656	97.6945	0.1737	0.0882
331	22874	0.0874	0.1006	99.0819	0.7126	0.0131	0.0044	99.0993	0.0827	0.0420
332	22874	1.6919	0.2055	97.9147	0.1006	0.0393	0.0481	98.0004	0.1566	0.0795
333	22874	9.5786	66.7614	3.8034	19.4544	0.0306	0.3716	67.0310	1.3518	0.6864
334	22875	0.0612	99.8645	0.0350	0.0350	0.0000	0.0044	99.8688	0.0165	0.0084
335	22876	0.0481	99.7421	0.0437	0.0219	0.0525	0.0918	99.8862	0.0145	0.0074
336	22876	93.1763	2.3474	2.5485	0.3060	0.3978	1.2240	94.7123	0.3653	0.1855
337	22879	7.1113	0.5813	90.1263	1.2632	0.2011	0.7168	90.9612	0.5208	0.2644
338	22879	96.8749	0.0393	2.7012	0.0175	0.1836	0.1836	97.2318	0.1871	0.0950
339	22879	0.1136	99.1608	0.0568	0.5070	0.0699	0.0918	99.3214	0.0657	0.0334
340	22879	0.8829	0.1224	0.1049	96.2105	0.0262	2.6531	98.8592	0.1007	0.0511
341	22879	0.0306	99.2570	0.4021	0.1879	0.1005	0.0219	99.3786	0.0616	0.0313
342	22879	0.0699	98.9772	0.1399	0.1268	0.1136	0.5726	99.6611	0.0379	0.0192
343	22879	0.0087	0.0262	0.0743	99.7771	0.0656	0.0481	99.8906	0.0136	0.0069
344	22879	98.8811	0.0175	0.9791	0.0306	0.0481	0.0437	98.9719	0.0859	0.0436
345	22879	0.0131	99.7902	0.0962	0.0262	0.0087	0.0656	99.8644	0.0164	0.0083
346	22879	0.0262	0.0131	99.8995	0.0219	0.0350	0.0044	99.9388	0.0084	0.0042
347	22879	0.0175	0.0131	99.9432	0.0000	0.0131	0.0131	99.9694	0.0043	0.0022
348	22879	0.1661	0.0262	99.5629	0.0874	0.0175	0.1399	99.7198	0.0314	0.0159
349	22879	96.1100	0.0131	0.2754	0.9441	0.0437	2.6138	98.7338	0.1087	0.0552
350	22879	0.0612	0.0219	99.8470	0.0481	0.0219	0.0000	99.8688	0.0164	0.0083
351	22879	0.0262	0.0874	99.7946	0.0131	0.0350	0.0437	99.8731	0.0155	0.0079
352	22880	0.0699	99.2657	0.0787	0.4939	0.0219	0.0699	99.3569	0.0626	0.0318
353	22880	98.5927	0.1224	0.0437	1.0708	0.0568	0.1136	98.7610	0.1047	0.0532
354	22880	0.0481	0.2710	99.5455	0.0568	0.0393	0.0393	99.6238	0.0400	0.0203
355	22880	0.0219	99.6329	0.0306	0.2010	0.0175	0.0962	99.7462	0.0279	0.0142
356	22881	99.4799	0.0568	0.3059	0.0656	0.0787	0.0131	99.5713	0.0448	0.0228
357	22881	0.0437	0.0350	99.8645	0.0131	0.0306	0.0131	99.9082	0.0119	0.0060
358	22882	0.0874	0.3147	0.0219	96.9321	0.0306	2.6134	99.5646	0.0448	0.0228
359	22882	19.7229	1.2324	77.8254	1.1800	0.0393	0.0000	77.8560	0.8969	0.4554
360	22882	12.9884	2.6484	84.1273	0.1836	0.0175	0.0350	84.1714	0.7473	0.3794
361	22882	1.1625	0.2360	98.5447	0.0087	0.0044	0.0437	98.5921	0.1167	0.0592
362	22882	0.0219	0.0437	99.2745	0.0219	0.0393	0.5987	99.9120	0.0115	0.0058
363	22882	99.0254	0.1136	0.5944	0.1923	0.0393	0.0350	99.0991	0.0854	0.0434
364	22882	99.6067	0.0393	0.0787	0.0524	0.0262	0.1967	99.8292	0.0208	0.0105
365	22882	0.5069	0.3190	0.0787	96.8403	0.0219	2.2332	99.0745	0.0879	0.0446
366	22882	69.8278	20.6363	0.0568	9.2780	0.0830	0.1180	69.9685	1.1554	0.5866
367	22882	0.0612	1.1537	0.1224	98.1863	0.0175	0.4589	98.6563	0.1122	0.0570
368	22882	0.0262	0.5550	0.2054	98.6583	0.0131	0.5419	99.2090	0.0747	0.0379
369	22882	0.0350	13.2113	81.1424	2.0234	0.0306	3.5574	84.1621	0.7234	0.3673
370	22882	0.1661	53.9026	41.4868	0.1398	0.0131	4.2916	56.3274	1.0189	0.5173
371	22882	68.9625	0.4152	23.4988	6.0484	0.0961	0.9789	69.7120	1.1351	0.5763
372	22883	0.1267	99.6067	0.0743	0.0787	0.0262	0.0874	99.7200	0.0321	0.0163
373	22883	99.3183	0.0306	0.1005	0.3452	0.1049	0.1005	99.5227	0.0488	0.0248
374	22883	98.1121	1.2411	0.0918	0.3452	0.0219	0.1879	98.3184	0.1403	0.0713
375	22882	0.0044	0.2404	0.0044	99.6154	0.0219	0.1136	99.7506	0.0258	0.0131
376	22882	0.4632	0.2360	99.2265	0.0524	0.0175	0.0044	99.2482	0.0730	0.0371
377	22882	0.4632	1.0445	96.9539	0.2141	0.0087	1.3154	98.2550	0.1499	0.0761
378	22882	13.9018	0.6075	83.3625	0.6599	0.0437	1.4247	84.6048	0.6963	0.3535
379	22882	0.2622	75.8369	18.4512	1.4859	0.0437	3.9201	78.9670	0.8426	0.4278
380	22882	0.2404	0.2185	98.0902	0.2010	0.0175	1.2324	99.3317	0.0685	0.0348
381	22882	43.4665	40.3592	10.3750	0.3147	0.1398	5.3448	45.9888	1.4169	0.7194
382	22882	98.6146	0.0961	0.9221	0.1967	0.0350	0.1355	98.7830	0.1072	0.0544
383	22884	97.8107	0.1049	0.4982	0.0175	0.0218	1.5469	99.3696	0.0604	0.0307
384	22884	0.1224	17.9776	76.2279	0.3277	0.0568	5.2875	80.5318	0.7474	0.3795
385	22884	0.7997	84.3952	0.6424	13.6733	0.0437	0.4457	84.8103	0.6979	0.3544
386	22884	0.1224	96.7925	0.6773	0.5462	0.0655	1.7960	98.6286	0.1229	0.0624
387	22884	0.1442	0.0874	0.2840	97.8588	0.0612	1.5644	99.4758	0.0547	0.0278
388	22884	0.0306	0.0000	99.4581	0.0699	0.2141	0.2272	99.8990	0.0124	0.0063
389	22884	98.7240	0.1966	0.2185	0.0131	0.0044	0.8434	99.5681	0.0452	0.0229
390	22884	6.3407	23.5405	0.2709	68.2442	0.0218	1.5819	69.3565	1.1381	0.5779
391	22884	0.5113	41.0942	51.8834	0.0437	0.0175	6.4499	55.4709	1.0392	0.5276
392	22884	0.6861	83.8446	13.9224	0.1136	0.0044	1.4289	85.0638	0.6585	0.3343
393	22884	98.1035	0.1224	0.5462	0.7822	0.0131	0.4326	98.5427	0.1289	0.0654
394	22884	0.0918	0.1355	99.0299	0.0175	0.0699	0.6555	99.7535	0.0281	0.0142
395	22884	0.3015	97.8457	0.7341	0.1529	0.0175	0.9483	98.7998	0.1095	0.0556
396	22884	33.0406	39.9799	25.1617	0.1966	0.0874	1.5338	40.6387	1.5776	0.8010
397	22884	98.6585	0.0743	0.1267	0.0175	0.0044	1.1187	99.7790	0.0255	0.0129
398	22885	1.1973	45.8991	0.4850	51.3699	0.0131	1.0356	51.9143	1.1197	0.5685
399	22885	2.2460	2.1280	93.9698	0.8870	0.0743	0.6948	94.6981	0.3778	0.1918
400	22885	0.2097	97.6360	0.1092	1.5206	0.0044	0.5200	98.1507	0.1482	0.0752
401	22885	1.3590	96.1591	0.0830	0.5200	0.0612	1.8178	98.0004	0.1628	0.0826
402	22885	0.4151	0.0437	99.0518	0.0961	0.0218	0.3714	99.4429	0.0555	0.0282
403	22885	1.0924	96.3906	0.3889	0.7778	0.0787	1.2716	97.7100	0.1912	0.0971
404	22885	0.1529	0.0350	98.6891	0.2229	0.0481	0.8521	99.5855	0.0442	0.0224
405	22885	0.6118	0.1442	0.0393	97.7846	0.0044	1.4158	99.1933	0.0754	0.0383
406	22885	0.2622	0.1005	98.6410	0.0262	0.0000	0.9701	99.6073	0.0416	0.0211
407	22885	6.5239	15.5735	10.9723	20.4676	0.0393	46.4234	38.2305	1.8872	0.9582
408	22885	71.1514	1.3240	26.5458	0.0044	0.0262	0.9482	71.8516	0.9357	0.4751
409	22885	0.0350	3.3778	46.4540	49.0234	0.0262	1.0837	49.5736	1.1844	0.6013
410	22885	0.0044	0.1879	98.5056	0.1835	0.0481	1.0706	99.6200	0.0401	0.0204
411	22885	82.2635	0.5156	16.4256	0.1704	0.0131	0.6118	82.7808	0.7101	0.3605
412	22885	57.8239	3.1068	1.4551	36.6528	0.0218	0.9395	58.3852	1.2301	0.6246
413	22885	0.0218	0.4020	98.6978	0.3933	0.0175	0.4676	99.1789	0.0781	0.0397
414	22885	97.3607	0.2097	1.4070	0.2491	0.0218	0.7516	98.1196	0.1544	0.0784
415	22885	67.0876	30.8630	0.0350	0.0655	0.0131	1.9358	68.4211	0.9106	0.4624
416	22885	0.2141	0.2971	94.2451	4.1250	0.0524	1.0662	95.3113	0.3016	0.1531
417	22885	0.0830	1.0618	94.9618	1.7697	0.0524	2.0712	97.0222	0.2265	0.1150
418	22885	2.1979	79.8995	1.2847	16.4693	0.0262	0.1224	80.0184	0.8882	0.4510
419	22885	1.0618	83.9283	0.6336	13.5154	0.0524	0.8084	84.6571	0.7120	0.3615
420	22885	0.3277	13.2314	0.5200	85.2436	0.0350	0.6423	85.8249	0.6436	0.3268
421	22885	0.9395	0.9919	1.4857	93.6115	0.0524	2.9189	96.4783	0.2746	0.1394
422	22885	22.1193	72.9342	0.0743	1.2978	0.0568	3.5176	75.6378	0.8836	0.4486
423	22885	1.1536	0.1617	95.6172	2.6786	0.0131	0.3758	95.9905	0.2865	0.1455
424	22885	1.3065	0.5593	97.0592	0.2447	0.0087	0.8215	97.8718	0.1762	0.0894
425	22885	18.2478	1.5862	77.4044	0.1486	0.0131	2.6000	79.4813	0.8271	0.4199
426	22885	0.8215	0.8696	1.3196	96.1547	0.0393	0.7953	96.9640	0.2433	0.1235
427	22885	0.3802	19.5543	0.2666	77.2908	0.0568	2.4514	79.2793	0.7849	0.3985
428	22885	0.0350	0.2141	98.5143	0.0874	0.0262	1.1230	99.6596	0.0371	0.0188
429	22885	0.0087	1.4944	0.0131	97.2646	0.0131	1.2060	98.4650	0.1164	0.0591
430	22885	98.0468	0.7210	0.6423	0.0350	0.0350	0.5200	98.5939	0.1227	0.0623
431	22885	97.7278	0.3539	0.7035	0.0568	0.0044	1.1536	98.8727	0.1022	0.0519
432	22885	97.4132	0.2709	0.3976	0.0961	0.0262	1.7959	99.2211	0.0766	0.0389
433	22885	4.6537	42.4689	50.1988	0.0131	0.0131	2.6524	51.5735	1.2262	0.6226
434	22885	0.0437	22.3553	2.0450	71.5359	0.0306	3.9895	74.5322	0.9290	0.4717
435	22885	23.1025	6.6550	14.3893	6.9609	0.0787	48.8136	45.2035	1.8073	0.9176
436	22885	0.0262	98.9251	0.0262	0.0350	0.0131	0.9744	99.9117	0.0116	0.0059
437	22885	0.6511	0.1748	0.2709	97.8982	0.0743	0.9307	98.8921	0.1030	0.0523
438	22885	1.3022	2.3247	5.8160	89.1545	0.0262	1.3764	90.4228	0.5821	0.2956
439	22885	0.5113	0.0699	0.1267	97.1859	0.0175	2.0887	99.2769	0.0699	0.0355
440	22886	3.2946	51.2846	8.4681	29.7081	0.0262	7.2184	55.2902	1.4851	0.7540
441	22886	61.6927	0.5200	2.8839	7.4369	0.0437	27.4229	85.0542	0.7716	0.3918
442	22886	3.6048	7.5330	68.3475	16.2545	0.0218	4.2384	71.3888	1.2482	0.6337
443	22886	8.5423	63.0036	0.1529	21.7382	0.0481	6.5149	67.4289	1.2035	0.6111
444	22887	33.4950	11.1985	33.7484	14.4973	0.0655	6.9952	36.3124	1.8473	0.9379
445	22887	11.8714	6.4316	67.6803	3.7838	0.0218	10.2110	75.3955	1.1582	0.5881
446	22887	3.8057	2.5691	73.7100	7.1831	0.0262	12.7059	84.4640	0.8491	0.4311
447	22887	12.4612	1.2103	67.1604	1.7302	0.0175	17.4204	81.3453	0.8602	0.4368
448	22888	91.9783	0.3146	0.0000	0.6597	0.0131	7.0343	98.9518	0.0935	0.0475
449	22888	26.5685	17.3235	42.0963	4.4259	0.0131	9.5727	46.5594	1.7025	0.8644
450	22888	5.0245	2.6652	64.5010	2.2676	0.0175	25.5243	86.6272	0.7672	0.3896
451	22889	93.0054	1.4417	0.0175	0.3757	0.0087	5.1509	98.0652	0.1534	0.0779
452	22889	74.0574	2.1058	0.2490	3.4689	0.0218	20.0970	92.7095	0.4620	0.2346
453	22889	15.3349	11.9228	62.8774	3.1675	0.0437	6.6539	67.3909	1.3569	0.6889
454	22889	11.7524	19.8785	31.0062	5.4306	0.0481	31.8843	45.5520	1.7639	0.8956
455	22889	1.6252	10.7650	38.5731	4.8495	0.0655	44.1216	69.1115	1.2811	0.6505
456	22890	63.7702	12.0970	0.6247	7.5754	0.2053	15.7274	75.8562	1.0703	0.5434
457	22890	0.5592	9.6811	35.3429	4.7226	0.1048	49.5893	70.2562	1.2079	0.6133
458	22890	0.1267	4.6745	2.9576	61.7388	0.1005	30.4019	88.8358	0.6241	0.3169
459	22890	63.8969	9.1306	13.4557	6.0900	0.2053	7.2215	69.0231	1.3615	0.6913
460	22891	49.3425	11.6858	11.1703	8.6016	0.2010	18.9987	61.0673	1.5766	0.8005
461	22891	23.3978	10.5019	8.0643	17.2033	0.1660	40.6666	39.5452	1.8820	0.9556
462	22891	0.1223	5.7970	82.9627	0.9654	0.0481	10.1044	92.3372	0.4446	0.2257
463	22890	2.9707	8.4578	6.2123	56.8152	0.0699	25.4740	76.3070	1.1385	0.5781
464	22890	2.0009	6.4351	18.7025	36.5837	0.1005	36.1774	57.4112	1.4695	0.7461
465	22890	80.6597	5.5963	1.9222	1.4504	0.0612	10.3102	89.9932	0.6019	0.3056
466	22890	45.1551	4.1066	5.6313	0.9305	0.0568	44.1197	80.8890	0.9568	0.4858
467	22889	0.5461	2.4772	2.9097	55.3978	0.0917	38.5775	90.3263	0.5889	0.2990
468	22889	47.0401	0.9481	8.2398	0.3757	0.0874	43.3090	83.1044	0.7734	0.3927
469	22889	5.3432	71.9341	9.5723	1.9660	0.0961	11.0883	80.9927	0.9584	0.4866
470	22888	3.0890	35.6956	20.0017	0.6248	0.1092	40.4797	60.0824	1.2613	0.6404
471	22888	4.8410	6.6279	12.3864	42.4283	0.1966	33.5197	64.0103	1.4721	0.7474
472	22889	6.2738	6.3480	19.2713	26.0649	0.1835	41.8585	44.9721	1.7434	0.8852
473	22890	7.7588	3.8532	7.3613	27.1691	0.2053	53.6522	58.8809	1.6040	0.8144
474	22890	5.8366	0.8388	78.7331	0.6859	0.1442	13.7615	91.4497	0.5018	0.2548
475	22890	10.3451	38.1520	9.5588	2.1494	0.1616	39.6330	63.3699	1.4468	0.7346
476	22890	10.2228	0.8126	9.6680	46.1730	0.0874	33.0363	69.0423	1.2639	0.6417
477	22890	4.7357	30.1223	14.7750	2.2280	0.1660	47.9729	58.0827	1.4817	0.7523
478	22891	51.0332	2.8308	3.8312	2.1624	0.0393	40.1031	85.2576	0.8313	0.4221
479	22891	2.7828	3.1847	10.1219	54.0256	0.0175	29.8676	77.0530	1.0802	0.5485
480	22891	0.4587	1.3411	1.0921	41.1996	0.0262	55.8822	93.4410	0.4454	0.2261
481	22892	0.3102	0.1223	91.2240	0.0437	0.0218	8.2780	99.4808	0.0532	0.0270
482	22891	71.8710	1.0921	0.1616	0.1267	0.0175	26.7310	98.1155	0.1527	0.0775
483	22891	2.2978	68.9354	1.1096	1.0790	0.0131	26.5650	93.8895	0.4227	0.2146
484	22891	1.5421	0.6072	73.0549	0.0743	0.0218	24.6997	97.0462	0.2228	0.1131
485	22891	0.5330	0.1616	46.8918	43.9911	0.0262	8.3963	51.2045	1.0619	0.5392
486	22888	1.6646	1.0530	0.4151	62.6573	0.0481	34.1620	95.2384	0.3428	0.1741
487	22888	91.6375	0.0044	0.6204	0.0437	0.0350	7.6590	99.2758	0.0648	0.0329
488	22888	2.5253	75.8127	6.6716	4.4565	0.0131	10.5208	84.7390	0.8426	0.4278
489	22888	1.1054	69.5211	3.7705	12.2335	0.0262	13.3432	80.2502	0.9306	0.4725
490	22888	7.4449	18.9095	5.8022	41.0696	0.0524	26.7214	56.0859	1.5974	0.8111
491	22888	15.0865	0.1398	70.8537	6.5624	0.0699	7.2877	76.4809	1.0069	0.5113
492	22888	8.3625	41.9259	7.3532	13.2253	0.0437	29.0895	59.1615	1.6029	0.8139
493	22888	94.1541	0.3015	1.2889	1.5860	0.0306	2.6389	96.7365	0.2515	0.1277
494	22888	0.2010	5.4701	84.9878	3.8142	0.0699	5.4570	89.9598	0.5811	0.2951
495	22887	90.5143	5.5228	1.6341	0.9831	0.0175	1.3283	91.7490	0.5111	0.2595
496	22887	92.5766	0.0524	2.9842	0.9831	0.0218	3.3818	95.8386	0.2870	0.1457
497	22886	2.6698	1.4332	59.0011	31.4603	0.0612	5.3745	62.3926	1.1897	0.6041
498	22885	96.0848	1.2628	0.6817	0.1180	0.0087	1.8440	97.8986	0.1723	0.0875
499	22885	90.9154	0.8215	0.9526	0.0306	0.0087	7.2711	98.0536	0.1599	0.0812
500	22885	0.4413	0.0175	96.1940	0.0393	0.0218	3.2860	99.4848	0.0497	0.0253
501	22885	0.1529	86.2093	11.5753	1.1099	0.0175	0.9351	87.0384	0.6233	0.3165
502	22885	63.7536	17.1335	11.3349	3.6443	0.0306	4.1031	66.5026	1.3789	0.7001
503	22885	0.4370	91.6496	1.3939	6.4322	0.0218	0.0655	91.7297	0.4893	0.2484
504	22885	0.0655	84.4658	1.0749	1.5775	0.0218	12.7944	96.8825	0.2350	0.1193
505	22885	0.0262	0.0131	99.8776	0.0481	0.0262	0.0087	99.9126	0.0114	0.0058
506	22885	0.0743	0.0262	99.6810	0.0175	0.0350	0.1660	99.8818	0.0147	0.0075
507	22885	0.0175	99.5543	0.0393	0.0350	0.0175	0.3365	99.9079	0.0120	0.0061
508	22885	0.5724	6.2486	0.0044	90.0109	0.0524	3.1112	92.9516	0.3976	0.2019
509	22885	99.4756	0.0175	0.1180	0.0131	0.1224	0.2534	99.8509	0.0175	0.0089
510	22885	99.5630	0.0175	0.0306	0.0131	0.0481	0.3277	99.9386	0.0084	0.0042
511	22876	0.9661	93.8538	3.6414	1.2240	0.0699	0.2448	94.1501	0.3991	0.2026
512	22876	2.6054	0.0044	0.2535	96.8482	0.0350	0.2535	97.1285	0.2008	0.1019
513	22876	48.5706	40.3392	0.1661	10.6531	0.0525	0.2186	48.7026	1.3937	0.7077
514	22875	0.0437	94.5224	0.0918	4.8918	0.0437	0.4066	94.9499	0.2988	0.1517
515	22875	0.0044	0.0044	99.8557	0.0262	0.0743	0.0350	99.9650	0.0049	0.0025
516	22875	0.0044	0.0306	0.0131	99.6765	0.0612	0.2142	99.9518	0.0066	0.0034
517	22875	0.0219	0.0044	99.7158	0.0131	0.0525	0.1923	99.9606	0.0056	0.0028
518	22875	0.0087	99.3268	0.2492	0.3585	0.0525	0.0044	99.3833	0.0607	0.0308
519	22875	0.0044	99.8776	0.0000	0.0175	0.0481	0.0525	99.9781	0.0031	0.0016
520	22875	99.9169	0.0000	0.0175	0.0044	0.0481	0.0131	99.9781	0.0031	0.0016
521	22875	0.0393	0.0393	99.7814	0.0131	0.1049	0.0219	99.9081	0.0119	0.0061
522	22875	0.0131	99.8820	0.0087	0.0087	0.0831	0.0044	99.9694	0.0045	0.0023
523	22875	96.4852	3.3880	0.0262	0.0000	0.0612	0.0393	96.5824	0.2171	0.1103
524	22875	0.0306	0.0219	99.7639	0.0219	0.1268	0.0350	99.9256	0.0100	0.0051
525	22875	0.0044	99.8295	0.0087	0.0831	0.0699	0.0044	99.9038	0.0117	0.0059
526	22875	0.0131	99.7421	0.0044	0.1093	0.0874	0.0437	99.8731	0.0149	0.0076
527	22875	0.0131	0.0306	99.7333	0.0219	0.1880	0.0131	99.9343	0.0089	0.0045
528	22875	0.0087	99.8557	0.0000	0.0262	0.1005	0.0087	99.9650	0.0048	0.0024
529	22875	0.0087	0.0087	99.8907	0.0044	0.0831	0.0044	99.9781	0.0033	0.0017
530	22875	0.0000	0.0044	99.8120	0.0000	0.1311	0.0525	99.9956	0.0007	0.0004
531	22875	0.0087	0.0219	0.0306	99.7945	0.1224	0.0219	99.9387	0.0083	0.0042
532	22875	99.2087	0.0044	0.5246	0.0087	0.2404	0.0131	99.4609	0.0494	0.0251
533	22874	99.8645	0.0044	0.0262	0.0131	0.0437	0.0481	99.9562	0.0061	0.0031
534	22874	0.4284	1.6700	2.7367	95.1036	0.0481	0.0131	95.1619	0.3426	0.1739
535	22874	99.8732	0.0044	0.0262	0.0175	0.0568	0.0219	99.9519	0.0066	0.0034
536	22874	0.0175	99.8907	0.0044	0.0175	0.0437	0.0262	99.9606	0.0056	0.0028
537	22875	4.7169	1.0055	94.1464	0.0612	0.0699	0.0000	94.2123	0.3623	0.1839
538	22875	9.9803	0.0525	40.3628	48.5770	0.0656	0.9617	49.0813	1.3712	0.6962
539	22875	97.8623	0.7694	0.5596	0.0612	0.0568	0.6907	98.5994	0.1231	0.0625
540	22876	0.7912	0.5945	97.3903	1.1322	0.0831	0.0087	97.4798	0.2084	0.1058
541	22876	0.2623	2.7846	96.3674	0.2186	0.1705	0.1967	96.7225	0.2327	0.1181
542	22876	6.8281	1.7704	78.2305	0.4371	0.0656	12.6683	89.6458	0.5813	0.2952
543	22876	2.7277	10.8804	19.5620	64.6092	0.0962	2.1245	66.0765	1.3560	0.6885
544	22876	0.3104	11.4793	85.7755	0.1443	0.0699	2.2207	87.7863	0.5682	0.2885
545	22876	0.0044	97.3553	0.0087	2.1682	0.1530	0.3104	97.8085	0.1533	0.0779
546	22876	55.0184	1.3420	28.6895	14.3513	0.5901	0.0087	55.3498	1.4767	0.7498
547	22876	98.5924	0.6295	0.3497	0.0044	0.0525	0.3716	99.0122	0.0896	0.0455
548	22876	0.5377	0.0350	98.9421	0.0175	0.0699	0.3978	99.4071	0.0554	0.0281
549	22876	0.6382	96.4854	0.0044	2.8152	0.0350	0.0219	96.5403	0.2413	0.1225
550	22876	0.1180	0.0044	99.8033	0.0175	0.0350	0.0219	99.8600	0.0163	0.0083
551	22876	1.4120	0.0393	1.3289	97.0799	0.0393	0.1005	97.2159	0.2139	0.1086
552	22876	0.0000	0.0350	0.6776	99.0864	0.0568	0.1443	99.2860	0.0632	0.0321
553	22876	45.1346	0.1137	54.4763	0.0131	0.0874	0.1749	54.6196	1.0071	0.5113
554	22877	21.7380	6.1415	1.8927	15.3167	0.0612	54.8498	48.2113	1.6204	0.8227
555	22878	0.0000	3.4444	0.2186	96.0093	0.0350	0.2929	96.3250	0.2392	0.1214
556	22878	0.0087	99.5323	0.2317	0.0087	0.0393	0.1792	99.7503	0.0263	0.0133
557	22878	0.7256	0.1792	98.9859	0.0350	0.0568	0.0175	99.0595	0.0855	0.0434
558	22878	0.0962	1.4381	97.1414	0.1792	0.0350	1.1102	98.2667	0.1398	0.0710
559	22878	97.6528	0.1224	0.3016	1.8708	0.0393	0.0131	97.7040	0.1773	0.0900
560	22878	78.0969	0.1574	0.4808	19.3942	0.0612	1.8096	79.5857	0.7769	0.3945
561	22878	0.1268	0.0087	0.0087	99.8120	0.0437	0.0000	99.8557	0.0166	0.0084
562	22878	0.6513	11.8586	1.6872	85.7068	0.0612	0.0350	85.7893	0.7014	0.3561
563	22878	99.8776	0.0000	0.0219	0.0087	0.0437	0.0481	99.9694	0.0043	0.0022
564	22879	0.0087	50.0022	0.0000	49.9017	0.0393	0.0481	50.0459	1.0012	0.5084
565	22879	0.0044	0.0087	0.0000	99.9344	0.0350	0.0175	99.9869	0.0020	0.0010
566	22878	0.0437	0.0044	99.8995	0.0000	0.0481	0.0044	99.9519	0.0062	0.0032
567	22879	0.0874	0.0000	99.8601	0.0131	0.0306	0.0087	99.8994	0.0120	0.0061
568	22879	0.0175	0.0306	99.8776	0.0000	0.0350	0.0393	99.9519	0.0065	0.0033
569	22879	0.0044	85.1174	0.0131	14.7777	0.0699	0.0175	85.1918	0.6071	0.3083
570	22879	0.0568	2.8367	82.8882	13.8555	0.0306	0.3322	83.1900	0.7690	0.3904
571	22879	0.0044	0.0262	0.0044	99.9082	0.0350	0.0219	99.9650	0.0049	0.0025
572	22878	99.7989	0.0175	0.0612	0.0044	0.1136	0.0044	99.9169	0.0106	0.0054
573	22878	99.6241	0.0874	0.0393	0.2054	0.0350	0.0087	99.6677	0.0365	0.0185
574	22878	99.8033	0.0000	0.0568	0.0175	0.0393	0.0830	99.9256	0.0094	0.0048
575	22878	0.0918	0.0000	99.8470	0.0087	0.0393	0.0131	99.8994	0.0119	0.0060
576	22878	21.1557	48.0942	30.0813	0.0699	0.0437	0.5551	48.3840	1.5111	0.7672
577	22878	0.1574	0.0044	99.7552	0.0219	0.0350	0.0262	99.8163	0.0206	0.0105
578	22878	0.3890	68.6467	0.4590	22.8779	0.0393	7.5881	74.3151	0.8882	0.4510
579	22878	24.6175	0.2797	41.7825	23.5292	0.0656	9.7255	46.3175	1.5571	0.7906
580	22878	0.0131	91.2012	0.4415	7.7498	0.0568	0.5376	91.7465	0.4374	0.2221
581	22878	0.0131	0.0131	99.7421	0.0568	0.0437	0.1311	99.9168	0.0107	0.0054
582	22876	0.0131	26.9190	0.0306	72.9586	0.0525	0.0262	73.0160	0.8463	0.4297
583	22876	99.8820	0.0044	0.0350	0.0044	0.0393	0.0350	99.9563	0.0059	0.0030
584	22875	0.0481	0.0962	99.7333	0.0350	0.0787	0.0087	99.8206	0.0216	0.0109
585	22875	1.3027	2.1071	95.0295	0.0219	0.0393	1.4995	96.5147	0.2533	0.1286
586	22875	0.1093	84.3060	0.0262	15.4579	0.0568	0.0437	84.3909	0.6371	0.3235
587	22875	0.0874	0.2011	98.2601	1.3683	0.0568	0.0262	98.3418	0.1354	0.0688
588	22875	0.0568	0.0262	99.7814	0.0306	0.0437	0.0612	99.8862	0.0145	0.0073
589	22875	14.1202	25.1760	6.1770	54.4525	0.0656	0.0087	54.4930	1.6255	0.8253
590	22875	3.6940	22.7454	4.8393	68.3366	0.0743	0.3104	68.6005	1.2478	0.6335
591	22875	8.6426	11.5104	2.4175	70.6842	0.0962	6.6492	75.7969	1.1302	0.5738
592	22876	10.1897	6.0937	70.9696	1.4076	0.0874	11.2520	80.0463	0.9761	0.4956
593	22876	9.5165	5.8577	7.0729	77.3343	0.0525	0.1661	77.5037	1.1191	0.5682
594	22876	2.6709	27.1682	1.6436	51.6742	0.0481	16.7949	62.1406	1.2250	0.6220
595	22876	79.3189	2.0283	18.0845	0.3235	0.0481	0.1967	79.5136	0.8507	0.4319
596	22876	75.1005	21.9182	0.8787	0.1792	0.0219	1.9016	76.5734	0.8556	0.4344
597	22876	0.0350	0.0219	99.7989	0.0525	0.0350	0.0568	99.8906	0.0140	0.0071
598	22876	4.3233	2.0371	0.0393	90.2649	0.0262	3.3091	93.3795	0.4147	0.2106
599	22874	0.6820	86.3994	1.9717	10.2780	0.0699	0.5989	86.9812	0.6752	0.3428
600	22874	42.1395	5.1325	18.7680	27.5378	0.0219	6.4003	45.0315	1.7322	0.8795
601	22874	0.3760	1.5126	95.3790	1.1848	0.0874	1.4602	96.8783	0.2443	0.1240
602	22874	48.8721	12.0792	21.1069	7.3664	0.0568	10.5185	54.6517	1.6548	0.8402
603	22874	3.0165	5.8975	20.8534	67.7756	0.0262	2.4307	69.4828	1.2406	0.6299
604	22874	0.0787	0.8787	98.1507	0.7388	0.0262	0.1268	98.3012	0.1449	0.0736
605	22874	0.0525	0.0437	2.5007	97.1015	0.0219	0.2798	97.3953	0.1811	0.0919
606	22874	1.1192	1.0492	92.7953	4.5729	0.0219	0.4415	93.2273	0.4405	0.2237
607	22874	97.8229	0.0699	0.1574	1.9061	0.0393	0.0044	97.8656	0.1614	0.0819
608	22874	99.7989	0.1312	0.0175	0.0087	0.0350	0.0087	99.8425	0.0182	0.0092
609	22874	99.8470	0.0044	0.1006	0.0000	0.0306	0.0175	99.8950	0.0122	0.0062
610	22874	10.1294	0.0306	41.2958	47.2458	0.0525	1.2460	47.8673	1.3754	0.6983
611	22874	5.3773	84.7775	5.4735	4.3106	0.0568	0.0044	84.8294	0.8533	0.4333
612	22865	0.7916	82.3398	1.4083	15.3860	0.0700	0.0044	82.4011	0.7877	0.3999
613	22864	4.9729	72.2008	8.0038	13.5278	0.0744	1.2203	73.1478	1.2340	0.6266
614	22864	11.5072	47.9662	19.0824	6.1669	0.0481	15.2292	56.6156	1.6154	0.8202
615	22864	10.2607	2.1431	82.4528	5.0516	0.0875	0.0044	82.5286	0.9025	0.4582
616	22864	5.2047	3.3284	88.6065	1.2115	0.0394	1.6095	90.0921	0.6034	0.3064
617	22864	0.1706	0.3237	75.2887	0.0437	0.0394	24.1340	99.2905	0.0698	0.0354
618	22864	0.0131	99.8076	0.0044	0.0350	0.0437	0.0962	99.9474	0.0071	0.0036
619	22864	0.0044	0.2624	0.0044	99.2302	0.0306	0.4680	99.7275	0.0278	0.0141
620	22864	0.1356	66.6812	0.0131	32.8901	0.1181	0.1618	66.8684	0.9307	0.4725
621	22864	99.8600	0.0175	0.0131	0.0044	0.0962	0.0087	99.9650	0.0050	0.0025
622	22864	99.7551	0.0875	0.0394	0.0000	0.0437	0.0744	99.8730	0.0152	0.0077
623	22864	0.0087	99.6807	0.0262	0.2449	0.0262	0.0131	99.7200	0.0296	0.0150
624	22864	0.9578	76.0803	4.6449	6.6874	0.0525	11.5772	86.0926	0.7619	0.3869
625	22864	1.6226	21.2736	2.9960	68.1027	0.0481	5.9570	72.4536	1.0815	0.5491
626	22864	6.8230	18.2820	70.4339	4.3693	0.0700	0.0219	70.4986	1.2658	0.6427
627	22863	4.5182	3.0705	84.2934	6.9545	0.0787	1.0847	85.2857	0.8243	0.4185
628	22863	2.2657	1.9158	72.2434	3.4247	0.1137	20.0367	90.4744	0.6005	0.3049
629	22863	73.4287	4.7850	4.6801	10.8035	0.2930	6.0097	78.3680	1.0700	0.5433
630	22863	58.4175	0.8879	14.4251	4.1421	0.0744	22.0531	75.0169	1.0604	0.5384
631	22863	1.7014	66.4480	10.4623	10.4448	0.0437	10.8997	74.6132	1.1499	0.5839
632	22863	0.5117	0.7654	5.2268	83.2743	0.0350	10.1868	92.7555	0.4406	0.2237
633	22864	0.1050	1.5264	97.0609	0.2755	0.0394	0.9928	98.0732	0.1545	0.0784
634	22864	0.0525	97.9225	1.3996	0.1487	0.0306	0.4461	98.3916	0.1293	0.0656
635	22864	58.2269	21.2867	13.5934	5.1260	0.0350	1.7320	59.2743	1.5425	0.7832
636	22864	0.3893	2.3662	14.9930	74.5408	0.0350	7.6758	80.7687	0.8436	0.4283
637	22864	0.7304	33.8567	3.2671	24.3746	0.0569	37.7143	54.4068	1.3059	0.6631
638	22864	1.0147	7.3828	5.8826	75.5117	0.0569	10.1513	84.0964	0.8372	0.4251
639	22864	6.2981	3.3371	88.8427	1.0759	0.0918	0.3543	89.2408	0.6333	0.3216
640	22864	88.9958	0.1225	7.5184	0.0744	0.0262	3.2628	92.0224	0.4170	0.2117
641	22864	34.5871	0.0219	4.0369	55.1828	0.0437	6.1275	58.8123	1.1792	0.5987
642	22864	99.6632	0.0175	0.0219	0.0044	0.0306	0.2624	99.9561	0.0061	0.0031
643	22864	0.0000	99.9169	0.0131	0.0175	0.0262	0.0262	99.9694	0.0043	0.0022
644	22864	0.1050	1.2115	21.6454	76.1590	0.0306	0.8485	76.8345	0.8596	0.4364
645	22864	5.6770	1.4608	92.3985	0.3805	0.0569	0.0262	92.4754	0.4592	0.2331
646	22864	3.5995	3.8139	62.7231	14.2232	0.0350	15.6053	74.3519	1.1471	0.5824
647	22864	1.5702	63.2217	10.7155	14.2320	0.0875	10.1732	70.4503	1.2456	0.6324
648	22864	66.3882	1.4433	15.2073	16.3401	0.0918	0.5292	66.8031	1.3201	0.6703
649	22864	34.5871	2.3006	23.7141	10.1994	0.0831	29.1156	48.8510	1.5968	0.8107
650	22864	4.1025	1.4739	77.9216	7.2428	0.0569	9.2022	85.8727	0.7783	0.3952
651	22864	0.0569	99.7988	0.0219	0.0394	0.0525	0.0306	99.8818	0.0150	0.0076
652	22864	0.0219	0.3630	0.0131	99.5145	0.0700	0.0175	99.6016	0.0395	0.0201
653	22864	43.8812	2.6067	5.3884	47.9794	0.0787	0.0656	48.0487	1.3940	0.7078
654	22864	0.0219	0.0175	99.8644	0.0087	0.0394	0.0481	99.9518	0.0067	0.0034
655	22864	96.4354	0.0087	3.1184	0.0175	0.0262	0.3936	96.8421	0.2047	0.1039
656	22864	11.3016	0.4024	88.1211	0.0787	0.0350	0.0612	88.2059	0.5555	0.2821
657	22864	4.1200	0.0131	7.2210	87.7406	0.0394	0.8660	88.5422	0.6233	0.3164
658	22864	19.1699	32.3959	28.5777	2.9479	0.0656	16.8431	38.9883	1.7184	0.8725
659	22863	10.9041	0.1925	1.6052	56.5936	0.0437	30.6609	81.6701	0.8078	0.4101
660	22862	7.1691	47.8567	23.2919	7.6459	0.0306	14.0058	55.6709	1.5902	0.8074
661	22862	0.8311	0.1793	92.0873	2.2920	0.0306	4.5797	96.5380	0.2550	0.1295
662	22862	11.6700	5.7213	17.4044	46.2033	0.0525	18.9485	57.0418	1.6114	0.8182
663	22862	89.6422	1.0935	1.8109	2.2133	0.0525	5.1876	94.5993	0.3858	0.1959
664	22862	0.1575	0.7086	96.6932	0.3762	0.0394	2.0252	98.7316	0.1154	0.0586
665	22863	78.9223	0.2056	0.0525	0.1050	0.0262	20.6884	99.5421	0.0485	0.0246
666	22863	6.3859	1.1547	91.9083	0.5161	0.0350	0.0000	91.9405	0.4785	0.2430
667	22862	7.0160	0.6824	91.7199	0.5599	0.0175	0.0044	91.7399	0.4741	0.2407
668	22862	18.0168	3.8667	56.9110	21.1661	0.0350	0.0044	56.9334	1.5640	0.7941
669	22862	39.4060	3.7180	44.1212	12.6936	0.0525	0.0087	44.1483	1.6049	0.8149
670	22862	35.8236	1.3210	59.5398	3.2499	0.0262	0.0394	59.5789	1.2189	0.6189
671	22862	22.0978	4.4134	70.1207	2.5676	0.0131	0.7873	70.6865	1.1726	0.5954
672	22862	0.6955	15.8779	0.0787	80.1898	0.0437	3.1143	82.8049	0.7126	0.3618
673	22862	21.2274	5.0695	70.1951	2.1608	0.0175	1.3297	71.1537	1.1671	0.5926
674	22862	0.0000	0.3018	99.6107	0.0525	0.0044	0.0306	99.6456	0.0361	0.0183
675	22862	96.3651	0.0087	0.6561	0.9011	0.0219	2.0471	98.4010	0.1347	0.0684
676	22862	97.5943	0.0744	0.1750	0.0175	0.0087	2.1302	99.7273	0.0303	0.0154
677	22862	0.0175	7.8427	0.0656	91.7899	0.0044	0.2799	92.0516	0.4077	0.2070
678	22862	1.8240	0.4155	1.9815	93.6401	0.0131	2.1258	95.6868	0.3153	0.1601
679	22862	2.6201	81.4889	11.5913	3.9367	0.0175	0.3456	81.7859	0.9205	0.4674
680	22862	0.4899	86.6941	4.1641	6.2243	0.0262	2.4014	88.8510	0.6374	0.3236
681	22858	56.6585	6.5185	2.5505	28.7908	0.0219	5.4598	59.9445	1.3717	0.6964
682	22858	2.4149	11.8646	77.6577	6.8029	0.0394	1.2206	78.6486	1.0367	0.5264
683	22858	1.0806	0.0744	69.0218	0.0306	0.0087	29.7839	98.3113	0.1322	0.0671
684	22859	1.2336	0.0612	0.8881	95.1616	0.0087	2.6467	97.7575	0.1804	0.0916
685	22860	0.0087	0.0044	98.9633	0.0044	0.0481	0.9711	99.9823	0.0027	0.0014
686	22860	0.5381	0.0087	1.3561	97.0691	0.0437	0.9843	98.0773	0.1544	0.0784
687	22860	99.9081	0.0044	0.0131	0.0131	0.0525	0.0087	99.9694	0.0045	0.0023
688	22858	0.6956	0.0350	99.1469	0.0219	0.0744	0.0262	99.2468	0.0674	0.0342
689	22857	15.3826	78.2036	2.6294	0.4244	0.0613	3.2988	80.9226	0.8450	0.4290
690	22857	7.7219	0.0088	92.1993	0.0175	0.0438	0.0088	92.2478	0.3962	0.2011
691	22857	0.0088	0.0088	99.9081	0.0044	0.0394	0.0306	99.9781	0.0033	0.0017
692	22857	0.0175	0.3325	0.0088	99.5887	0.0438	0.0088	99.6411	0.0359	0.0182
693	22857	1.6319	0.0044	98.2369	0.0088	0.1006	0.0175	98.3530	0.1224	0.0621
694	22855	89.6959	0.0175	10.2253	0.0175	0.0438	0.0000	89.7352	0.4811	0.2443
695	22855	99.8469	0.0569	0.0131	0.0350	0.0438	0.0044	99.8949	0.0134	0.0068
696	22855	99.8687	0.0131	0.0263	0.0175	0.0438	0.0306	99.9431	0.0078	0.0040
697	22855	0.0000	0.0000	0.0044	99.9344	0.0438	0.0175	99.9956	0.0007	0.0004
698	22854	0.2538	5.2113	78.4064	15.3715	0.0131	0.7439	79.0045	0.9306	0.4725
699	22853	0.0131	99.0767	0.0000	0.8883	0.0175	0.0044	99.0984	0.0752	0.0382
700	22853	9.2329	0.0306	85.7918	4.4064	0.0044	0.5338	86.2560	0.7051	0.3580
701	22853	0.0044	22.5047	0.0044	77.3640	0.0000	0.1225	77.4589	0.7711	0.3915
702	22853	98.5516	0.0744	0.1269	0.8795	0.0175	0.3501	98.9152	0.0958	0.0486
703	22853	0.2232	0.0831	96.5650	0.5645	0.0569	2.5073	99.1063	0.0847	0.0430
704	22852	99.9256	0.0000	0.0044	0.0306	0.0000	0.0394	99.9650	0.0047	0.0024
705	22852	0.0656	0.0131	23.4772	73.2759	0.0000	3.1682	75.6734	0.8088	0.4107
706	22852	97.3438	0.2713	0.0394	0.0263	0.0131	2.3061	99.6550	0.0363	0.0184
707	22852	0.0088	2.2711	0.1488	97.3700	0.0044	0.1969	97.5664	0.1741	0.0884
708	22852	9.1896	50.8577	14.7471	1.6497	0.0044	23.5515	66.5293	1.3360	0.6783
709	22852	27.2624	1.2865	6.4327	57.4698	0.0175	7.5311	62.1622	1.2993	0.6597
710	22852	6.0039	9.2508	83.1175	1.5666	0.0131	0.0481	83.1684	0.8767	0.4451
711	22851	6.4242	6.3673	83.6681	1.0459	0.0175	2.4769	85.8085	0.7753	0.3936
712	22851	98.5559	0.2669	0.3632	0.4595	0.0088	0.3457	98.9065	0.1039	0.0527
713	22851	15.5617	0.7046	81.8257	1.8905	0.0088	0.0088	81.8401	0.8129	0.4128
714	22850	0.0219	0.0088	93.0109	0.0044	0.0263	6.9278	99.9624	0.0053	0.0027
715	22849	99.6543	0.0131	0.3239	0.0000	0.0088	0.0000	99.6630	0.0333	0.0169
716	22848	96.7525	3.2213	0.0044	0.0000	0.0088	0.0131	96.7736	0.2061	0.1046
717	22846	0.0263	80.8807	0.2626	18.7691	0.0175	0.0438	80.9303	0.7258	0.3685
718	22846	95.4084	1.2256	2.0310	0.0044	0.0744	1.2562	96.6951	0.2415	0.1226
719	22845	0.0306	96.4850	0.0000	3.4756	0.0088	0.0000	96.4935	0.2217	0.1126
720	22844	0.0044	99.8687	0.0000	0.0832	0.0263	0.0175	99.9124	0.0104	0.0053
721	22844	47.2465	0.6435	49.9081	2.1275	0.0700	0.0044	49.9452	1.1763	0.5973
722	22844	31.8858	0.0131	66.8885	0.3020	0.0044	0.9061	67.5031	0.9363	0.4754
723	22844	2.0268	0.4421	0.0000	97.5048	0.0044	0.0219	97.5304	0.1838	0.0933
724	22844	1.7510	0.4290	85.6855	12.1038	0.0306	0.0000	85.7118	0.6954	0.3531
725	22844	0.1707	0.0306	99.4134	0.0394	0.0175	0.3283	99.7584	0.0273	0.0139
726	22844	0.1357	99.0939	0.3984	0.3108	0.0131	0.0482	99.1546	0.0828	0.0420
727	22843	0.0175	0.0131	99.9343	0.0263	0.0000	0.0088	99.9431	0.0078	0.0040
728	22843	98.7261	0.0919	0.0744	1.0988	0.0044	0.0044	98.7347	0.1067	0.0542
729	22843	99.9300	0.0044	0.0263	0.0044	0.0000	0.0350	99.9650	0.0049	0.0025
730	22843	4.6798	0.0350	95.1933	0.0219	0.0700	0.0000	95.2600	0.2802	0.1423
731	22842	0.3283	0.4071	98.9449	0.1357	0.0131	0.1707	99.1272	0.0850	0.0432
732	22842	0.0131	99.7636	0.0131	0.1664	0.0044	0.0394	99.8073	0.0215	0.0109
733	22842	22.2791	0.0175	77.6246	0.0350	0.0175	0.0263	77.6585	0.7722	0.3921
734	22841	17.9458	0.0044	77.4309	1.2696	0.0394	3.3098	80.1142	0.7901	0.4011
735	22841	8.8963	66.8272	7.7142	16.5142	0.0438	0.0044	66.8594	1.4133	0.7176
736	22841	2.9596	31.2027	2.2591	63.5130	0.0613	0.0044	63.5547	1.2139	0.6163
737	22841	15.5466	50.8034	5.7397	27.8578	0.0350	0.0175	50.8301	1.6642	0.8450
738	22841	22.5428	34.7095	5.6127	36.6840	0.0131	0.4378	36.8502	1.7799	0.9037
739	22841	0.4378	87.6757	0.7136	1.4579	0.0482	9.6668	97.1099	0.2297	0.1166
740	22841	1.8826	0.0000	0.3108	96.8171	0.0088	0.9807	97.7847	0.1664	0.0845
741	22841	7.3377	0.0131	89.6765	0.1707	0.0876	2.7144	92.2616	0.4064	0.2064
742	22841	1.7775	0.7399	89.7334	0.5341	0.0131	7.2020	96.7112	0.2544	0.1292
743	22841	41.4080	12.0923	29.1450	13.0029	0.0263	4.3256	43.2920	1.8139	0.9210
744	22841	0.9588	90.7622	0.4685	4.1855	0.0088	3.6163	94.1762	0.3816	0.1937
745	22840	5.0919	14.9737	59.2601	8.6515	0.0131	12.0096	67.3584	1.3858	0.7036
746	22839	58.2469	4.6105	3.2007	29.7342	0.0832	4.1245	60.8054	1.3348	0.6777
747	22839	51.1012	5.2980	1.2260	30.8464	0.0525	11.4760	57.7601	1.3161	0.6683
748	22839	0.9063	5.9503	27.1772	18.4115	0.0394	47.5152	51.8200	1.4791	0.7510
749	22839	92.1625	1.5938	0.4685	3.3014	0.0219	2.4519	94.5003	0.3765	0.1911
750	22839	0.3284	88.1037	0.0876	10.0968	0.0088	1.3748	89.3398	0.5183	0.2632
751	22839	0.0219	2.3031	0.1357	96.9964	0.0000	0.5429	97.5259	0.1767	0.0897
752	22839	0.0263	0.0044	99.9168	0.0175	0.0175	0.0175	99.9518	0.0066	0.0034
753	22839	99.9212	0.0263	0.0175	0.0088	0.0044	0.0219	99.9474	0.0073	0.0037
754	22838	0.0000	99.9256	0.0131	0.0088	0.0307	0.0219	99.9781	0.0032	0.0016
755	22838	12.3084	0.0350	87.4464	0.1270	0.0569	0.0263	87.5192	0.5567	0.2827
756	22838	0.0219	95.0565	2.4827	1.3880	0.0438	1.0071	96.0660	0.2781	0.1412
757	22838	0.0044	0.0088	0.0175	99.9256	0.0088	0.0350	99.9693	0.0044	0.0023
758	22838	0.9940	13.6177	84.9637	0.3372	0.0438	0.0438	85.0381	0.6846	0.3476
759	22837	99.9124	0.0044	0.0219	0.0175	0.0044	0.0394	99.9562	0.0061	0.0031
760	22837	1.3574	0.0088	82.7867	15.7814	0.0394	0.0263	82.8411	0.7309	0.3711
761	22837	5.4692	0.0613	93.9703	0.0219	0.0044	0.4729	94.4210	0.3175	0.1612
762	22837	23.0416	32.6575	0.3109	33.9712	0.0131	10.0057	37.7537	1.5928	0.8087
763	22837	22.1745	0.6656	69.6063	0.6262	0.0394	6.8879	74.7871	0.9060	0.4600
764	22837	0.0525	99.2819	0.0044	0.5255	0.0175	0.1182	99.4168	0.0546	0.0277
765	22836	0.0263	0.0307	99.6059	0.0044	0.3109	0.0219	99.9385	0.0082	0.0042
766	22836	99.7285	0.0088	0.0307	0.0088	0.2190	0.0044	99.9517	0.0066	0.0034
767	22836	98.7169	0.4861	0.6700	0.1007	0.0175	0.0088	98.7429	0.1138	0.0578
768	22836	98.4673	0.0044	1.2437	0.0088	0.0131	0.2627	98.7397	0.0988	0.0501
769	22836	0.0175	0.0307	99.8599	0.0088	0.0263	0.0569	99.9430	0.0078	0.0039
770	22836	0.0569	93.3526	0.7970	5.5395	0.0219	0.2321	93.5903	0.3829	0.1944
771	22836	8.7056	1.9355	84.8397	0.1533	0.0657	4.3002	88.7129	0.5968	0.3030
772	22836	1.8961	0.4335	0.0263	97.2105	0.0263	0.4073	97.6338	0.1798	0.0913
773	22836	2.2552	0.3722	97.3332	0.0175	0.0175	0.0044	97.3545	0.1933	0.0981
774	22836	0.0307	0.0263	99.9037	0.0131	0.0175	0.0088	99.9299	0.0094	0.0048
775	22836	0.0482	0.0131	99.8686	0.0394	0.0131	0.0175	99.8993	0.0129	0.0066
776	22836	0.0219	0.0263	84.7828	15.0333	0.0263	0.1095	84.8980	0.6176	0.3136
777	22835	97.5082	0.6788	0.0088	1.4758	0.0044	0.3241	97.8295	0.1712	0.0869
778	22835	0.0131	0.8890	93.2735	5.1325	0.0088	0.6832	93.9234	0.3685	0.1871
779	22835	0.0088	99.6015	0.0044	0.3197	0.0131	0.0526	99.6670	0.0331	0.0168
780	22834	60.4099	0.1139	39.4018	0.0175	0.0482	0.0088	60.4443	0.9818	0.4985
781	22834	99.8204	0.0832	0.0263	0.0175	0.0438	0.0088	99.8729	0.0157	0.0080
782	22833	99.8423	0.0219	0.0307	0.0088	0.0088	0.0876	99.9386	0.0083	0.0042
783	22833	0.0088	98.7168	0.0920	0.7621	0.0044	0.4161	99.1336	0.0767	0.0390
784	22833	91.9721	4.5066	3.4730	0.0044	0.0088	0.0350	92.0124	0.4811	0.2443
785	22833	0.0263	0.0175	99.9343	0.0044	0.0088	0.0088	99.9518	0.0066	0.0034
786	22833	0.0219	0.0088	99.9036	0.0044	0.0263	0.0350	99.9649	0.0050	0.0025
787	22833	98.5153	1.3621	0.0263	0.0526	0.0219	0.0219	98.5585	0.1140	0.0579
788	22832	0.0044	0.0131	0.0131	99.9606	0.0044	0.0044	99.9693	0.0045	0.0023
789	22831	0.0088	0.0131	0.0088	99.9124	0.0131	0.0438	99.9693	0.0045	0.0023
790	22831	99.8730	0.0088	0.0131	0.0088	0.0788	0.0175	99.9693	0.0045	0.0023
791	22831	0.0482	0.0088	99.8861	0.0044	0.0438	0.0088	99.9386	0.0080	0.0041
792	22831	99.9606	0.0000	0.0131	0.0044	0.0088	0.0131	99.9825	0.0026	0.0013
793	22831	0.0088	0.0131	0.0701	99.8817	0.0000	0.0263	99.9080	0.0115	0.0059
794	22831	99.8861	0.0131	0.0175	0.0131	0.0394	0.0307	99.9562	0.0062	0.0032
795	22831	0.0000	99.9606	0.0000	0.0263	0.0000	0.0131	99.9737	0.0035	0.0018
796	22829	0.0000	99.9562	0.0044	0.0219	0.0000	0.0175	99.9737	0.0037	0.0019
797	22829	0.0000	99.8248	0.0263	0.0350	0.0044	0.1095	99.9386	0.0080	0.0041
798	22829	0.0000	3.4079	4.4899	92.0408	0.0044	0.0569	92.0973	0.4767	0.2420
799	22829	0.7666	0.0394	99.1020	0.0263	0.0613	0.0044	99.1672	0.0735	0.0373
800	22829	0.0219	0.0044	99.4612	0.0131	0.0263	0.4731	99.9604	0.0056	0.0028
801	22828	0.0000	0.0175	0.0131	99.9299	0.0088	0.0307	99.9693	0.0043	0.0022
802	22828	99.9124	0.0000	0.0088	0.0088	0.0526	0.0175	99.9825	0.0026	0.0013
803	22827	0.3198	0.0044	99.6057	0.0350	0.0131	0.0219	99.6407	0.0363	0.0185
804	22827	0.0131	0.0307	0.0088	99.9211	0.0088	0.0175	99.9474	0.0072	0.0037
805	22827	0.0000	99.8817	0.0570	0.0350	0.0263	0.0000	99.9080	0.0115	0.0058
806	22826	0.0044	99.0406	0.0000	0.8937	0.0088	0.0526	99.1014	0.0744	0.0378
807	22825	95.8642	0.0219	0.6484	1.9058	0.0307	1.5290	97.3831	0.1979	0.1005
808	22825	0.1752	85.8050	1.8269	9.0252	0.0526	3.1150	88.6119	0.5982	0.3037
809	22824	5.6081	0.8237	93.3929	0.0438	0.0351	0.0964	93.5158	0.3857	0.1958
810	22824	0.0175	99.6232	0.2848	0.0263	0.0351	0.0131	99.6712	0.0341	0.0173
811	22824	1.5773	85.2436	0.5258	12.5701	0.0526	0.0307	85.3146	0.7061	0.3585
812	22824	0.0920	12.9600	86.8165	0.0482	0.0351	0.0482	86.8888	0.5730	0.2909
813	22824	0.0000	0.0307	0.0088	99.9124	0.0307	0.0175	99.9605	0.0053	0.0027
814	22824	99.7722	0.1008	0.0219	0.0175	0.0701	0.0175	99.8597	0.0169	0.0086
815	22824	99.8729	0.0219	0.0219	0.0131	0.0482	0.0219	99.9430	0.0078	0.0040
816	22824	99.8072	0.0307	0.0394	0.0000	0.0000	0.1227	99.9298	0.0091	0.0046
817	22824	0.0044	99.7240	0.2191	0.0263	0.0131	0.0131	99.7502	0.0267	0.0136
818	22824	0.3505	0.1052	98.2124	1.2180	0.0219	0.0920	98.3244	0.1405	0.0713
819	22824	75.5170	1.2531	7.7462	15.4399	0.0000	0.0438	75.5501	1.0870	0.5519
820	22824	0.0088	0.0088	0.0088	99.9606	0.0000	0.0131	99.9737	0.0039	0.0020
821	22824	0.0263	0.1052	99.7766	0.0044	0.0088	0.0789	99.8641	0.0161	0.0082
822	22824	15.6108	0.5608	29.6749	47.0032	0.0131	7.1372	50.6229	1.5002	0.7617
823	22824	14.2920	53.5270	0.6835	3.4525	0.0219	28.0231	74.3896	1.0547	0.5355
824	22824	8.4779	2.8304	51.3670	24.3954	0.0131	12.9162	58.9946	1.4513	0.7369
825	22824	76.9234	1.1830	0.8237	5.7220	0.0175	15.3304	90.8700	0.5394	0.2739
826	22824	4.9772	83.2063	5.5862	3.3912	0.0131	2.8260	85.6376	0.8170	0.4148
827	22824	1.0953	1.0910	2.6639	94.9395	0.0219	0.1884	95.1396	0.3506	0.1780
828	22824	57.7112	8.9292	0.5433	21.4117	0.0351	11.3696	65.1402	1.2767	0.6482
829	22824	3.2422	0.5214	92.6612	0.1796	0.0482	3.3474	95.9182	0.2795	0.1419
830	22824	0.5258	20.0885	59.6565	9.9325	0.0219	9.7748	66.1356	1.2708	0.6452
831	22824	27.0461	13.6523	3.8819	53.4569	0.0263	1.9366	54.5272	1.5702	0.7972
832	22824	0.6703	3.9432	83.3290	11.2250	0.0394	0.7930	84.0285	0.8005	0.4064
833	22824	1.1304	1.7832	38.9064	1.8971	0.0219	56.2610	88.9958	0.6707	0.3406
834	22824	1.6912	2.5412	4.9071	90.4311	0.0131	0.4162	90.8211	0.5751	0.2920
835	22822	4.7191	11.9490	21.1682	57.3306	0.0438	4.7892	60.2422	1.5136	0.7685
836	22822	2.3530	1.2751	85.1941	0.2760	0.0438	10.8579	95.6182	0.3138	0.1593
837	22822	2.0507	2.0901	41.6659	34.4142	0.0570	19.7222	51.9390	1.2870	0.6535
838	22822	2.3574	2.5546	89.3480	3.0628	0.0570	2.6203	91.8059	0.5381	0.2732
839	22821	15.1878	48.1662	23.5792	11.8575	0.1446	1.0648	48.7558	1.7810	0.9043
840	22821	16.0335	47.2065	21.8395	11.9101	0.1008	2.9096	48.6717	1.7908	0.9092
841	22820	10.2629	58.3436	7.3225	6.7134	0.0613	17.2962	70.5976	1.3324	0.6765
842	22820	7.1516	0.7230	2.2261	88.1946	0.0351	1.6696	89.7240	0.5913	0.3002
843	22820	7.5942	4.5180	1.1919	79.8160	0.0526	6.8273	85.7129	0.7778	0.3949
844	22820	5.6091	32.6599	40.5565	8.8212	0.1840	12.1691	46.2727	1.6323	0.8288
845	22820	79.8598	6.1131	0.6880	3.1157	0.0438	10.1797	88.9540	0.6363	0.3231
846	22820	6.0254	21.9763	50.7274	13.5846	0.0613	7.6249	54.9511	1.6314	0.8283
847	22820	7.7695	11.9982	45.2410	11.3935	0.0657	23.5320	59.2142	1.6118	0.8184
848	22820	6.8580	63.1245	1.0736	8.4268	0.0482	20.4689	79.4189	0.9961	0.5058
849	22819	4.8337	11.8366	42.5873	18.2260	0.0920	22.4243	54.9630	1.6295	0.8274
850	22819	1.2008	2.3708	0.1183	92.9532	0.0219	3.3349	96.1819	0.2757	0.1400
851	22819	6.3982	17.0516	57.1979	17.0121	0.0438	2.2963	58.5685	1.5885	0.8065
852	22819	4.4831	5.9293	55.7299	8.1117	0.0438	25.7023	75.0531	1.1954	0.6069
853	22819	1.1788	58.5039	3.6855	0.9773	0.0394	35.6151	90.9215	0.5586	0.2836
854	22818	5.3642	3.3964	19.4408	68.9500	0.0394	2.8092	70.9717	1.2154	0.6171
855	22818	9.8387	1.8231	33.1011	41.4497	0.0526	13.7348	48.0785	1.5132	0.7683
856	22818	9.2252	66.0575	17.2057	1.5689	0.0175	5.9251	70.2311	1.2334	0.6262
857	22818	2.4980	69.4671	0.8458	2.9144	0.0307	24.2440	91.7356	0.5298	0.2690
858	22818	5.1494	0.9335	75.7297	3.0546	0.0438	15.0890	89.2332	0.6361	0.3230
859	22818	14.4929	34.8760	12.7005	15.8384	0.0438	22.0484	44.7657	1.8643	0.9466
860	22818	98.2295	1.1132	0.0131	0.0394	0.0482	0.5566	98.8272	0.0956	0.0485
861	22818	0.0789	3.9004	94.3948	0.0351	0.2367	1.3542	95.9207	0.2545	0.1292
862	22818	0.1972	84.4290	3.8873	9.6810	0.1797	1.6259	85.9814	0.7193	0.3652
863	22817	3.4579	1.1965	15.3570	79.1910	0.0438	0.7538	79.8277	0.9218	0.4680
864	22817	99.7765	0.0920	0.0044	0.0570	0.0482	0.0219	99.8465	0.0183	0.0093
865	22817	99.8992	0.0044	0.0131	0.0131	0.0175	0.0526	99.9693	0.0045	0.0023
866	22817	11.9604	84.6518	0.1359	0.1578	0.0219	3.0723	87.3547	0.5713	0.2901
867	22816	4.8913	0.4514	93.4870	0.0701	0.0131	1.0870	94.5269	0.3342	0.1697
868	22816	0.7626	88.4511	0.0394	6.7672	0.0131	3.9665	92.1170	0.4388	0.2228
869	22816	55.1762	0.2411	42.7682	1.6523	0.0394	0.1227	55.2658	1.1157	0.5665
870	22816	18.7281	2.7437	0.8065	77.6210	0.0307	0.0701	77.6993	0.9342	0.4743
871	22816	0.0307	0.0263	7.9769	90.8266	0.0263	1.1133	91.8736	0.4121	0.2093
872	22816	99.7020	0.0219	0.2148	0.0088	0.0482	0.0044	99.7544	0.0264	0.0134
873	22816	99.8378	0.0131	0.0438	0.0263	0.0175	0.0614	99.9167	0.0109	0.0055
874	22816	5.5707	0.0482	94.2672	0.0175	0.0307	0.0657	94.3582	0.3188	0.1619
875	22816	0.0175	0.8897	0.0000	60.1902	0.0175	38.8850	98.5151	0.1135	0.0576
876	22816	18.8289	59.2435	0.3331	11.9828	0.0482	9.5635	65.5433	1.2872	0.6535
877	22816	1.4464	8.5685	45.7179	12.7586	0.0789	31.4297	66.7499	1.3336	0.6771
878	22816	58.1785	20.7223	0.5172	6.5612	0.0482	13.9727	67.6658	1.2037	0.6112
879	22816	0.0088	99.7896	0.0701	0.0920	0.0307	0.0088	99.8290	0.0203	0.0103
880	22816	0.0131	99.8159	0.0307	0.0175	0.0570	0.0657	99.9386	0.0084	0.0042
881	22816	12.7761	2.3492	84.7519	0.0088	0.0745	0.0394	84.8486	0.7090	0.3600
882	22816	0.0000	99.9211	0.0088	0.0131	0.0482	0.0088	99.9781	0.0032	0.0016
883	22816	0.0088	99.7940	0.0088	0.0920	0.0438	0.0526	99.8903	0.0132	0.0067
884	22815	0.0044	0.0175	0.0175	99.8817	0.0526	0.0263	99.9605	0.0056	0.0028
885	22814	0.0307	0.0088	99.8466	0.0088	0.1008	0.0044	99.9517	0.0066	0.0034
886	22813	1.2668	0.0132	98.6324	0.0307	0.0482	0.0088	98.6886	0.1040	0.0528
887	22812	0.0701	0.0044	99.8466	0.0132	0.0526	0.0132	99.9123	0.0109	0.0056
888	22812	5.6023	0.0044	93.0782	1.1091	0.0570	0.1490	93.2704	0.3998	0.2030
889	22812	99.8773	0.0044	0.0307	0.0044	0.0614	0.0219	99.9605	0.0054	0.0028
890	22811	0.0570	0.8461	98.8295	0.2017	0.0526	0.0132	98.8945	0.0984	0.0499
891	22811	0.0088	0.0175	0.0044	99.8860	0.0482	0.0351	99.9693	0.0045	0.0023
892	22811	99.8553	0.0175	0.0351	0.0000	0.0570	0.0351	99.9473	0.0070	0.0035
893	22811	0.0000	97.7730	0.0132	2.1612	0.0438	0.0088	97.8245	0.1523	0.0774
894	22811	0.2367	0.0088	99.6449	0.0219	0.0789	0.0088	99.7324	0.0284	0.0144
895	22811	7.8690	2.1656	74.7534	8.9299	0.0921	6.1900	79.7642	1.0090	0.5123
896	22809	1.2364	63.4223	0.2236	35.0081	0.1052	0.0044	63.4919	1.0444	0.5303
897	22808	0.0088	98.4523	0.4165	0.7059	0.0570	0.3595	98.8641	0.1011	0.0514
898	22807	0.0132	0.0263	99.8334	0.0000	0.0789	0.0482	99.9605	0.0054	0.0027
899	22807	0.0000	99.8904	0.0132	0.0175	0.0570	0.0219	99.9693	0.0043	0.0022
900	22807	99.8290	0.0088	0.0482	0.0132	0.0921	0.0088	99.9298	0.0092	0.0047
901	22806	99.7851	0.0132	0.0219	0.0219	0.0658	0.0921	99.9429	0.0079	0.0040
902	22806	0.0658	0.5613	99.2765	0.0132	0.0745	0.0088	99.3593	0.0599	0.0304
903	22806	32.5002	0.4648	65.6669	0.7673	0.0833	0.5174	66.0638	1.0128	0.5142
904	22806	8.5986	37.3937	2.3108	51.5566	0.1184	0.0219	51.6291	1.4534	0.7380
905	22806	0.0044	0.0263	5.9370	93.6026	0.1052	0.3245	94.0065	0.3302	0.1676
906	22806	63.4175	0.0132	36.3895	0.0044	0.1579	0.0175	63.5289	0.9489	0.4818
907	22806	99.8290	0.0044	0.0263	0.0175	0.1009	0.0219	99.9517	0.0067	0.0034
908	22804	99.8114	0.0044	0.0219	0.0351	0.0921	0.0351	99.9385	0.0082	0.0042
909	22802	93.7725	0.0044	0.0263	0.0263	0.0921	6.0784	99.9392	0.0082	0.0041
910	22802	0.0044	99.8684	0.0044	0.0088	0.1009	0.0132	99.9824	0.0027	0.0014
911	22802	0.0044	0.0132	0.0044	99.8816	0.0833	0.0132	99.9781	0.0033	0.0017
912	22802	0.0044	95.8293	0.0088	4.0216	0.1053	0.0307	95.9598	0.2455	0.1247
913	22802	99.8114	0.0263	0.0175	0.0263	0.1096	0.0088	99.9297	0.0095	0.0048
914	22802	99.7588	0.0307	0.0482	0.0263	0.1140	0.0219	99.8946	0.0136	0.0069
915	22802	99.7895	0.0044	0.0702	0.0044	0.0746	0.0570	99.9210	0.0098	0.0050
916	22802	1.1578	0.1360	83.0103	12.7796	0.1140	2.8024	85.5039	0.6677	0.3390
917	22802	0.0088	0.0088	99.8290	0.0044	0.1272	0.0219	99.9780	0.0033	0.0017
918	22802	99.8377	0.0000	0.0307	0.0132	0.0965	0.0219	99.9561	0.0059	0.0030
919	22802	99.8026	0.0132	0.0307	0.0132	0.0965	0.0439	99.9429	0.0078	0.0040
920	22803	0.0132	0.0351	0.0132	99.8377	0.0789	0.0219	99.9385	0.0083	0.0042
921	22803	0.9560	0.0307	0.0000	98.8686	0.0921	0.0526	99.0119	0.0820	0.0416
922	22803	0.0044	0.0219	99.8202	0.0088	0.1009	0.0439	99.9649	0.0050	0.0025
923	22803	95.6322	0.0219	4.1442	0.0307	0.1579	0.0132	95.7960	0.2562	0.1301
924	22803	0.0044	99.8202	0.0000	0.0132	0.1359	0.0263	99.9824	0.0026	0.0013
925	22803	0.0219	0.0132	99.8158	0.0132	0.1272	0.0088	99.9517	0.0068	0.0034
926	22803	0.0088	0.0088	99.8334	0.0088	0.1184	0.0219	99.9737	0.0039	0.0020
927	22802	0.0088	0.0044	99.7983	0.0175	0.1403	0.0307	99.9692	0.0045	0.0023
928	22802	0.2149	0.0044	99.4737	0.0482	0.2193	0.0395	99.7318	0.0289	0.0147
929	22802	15.1873	0.4736	83.8918	0.0088	0.2193	0.2193	84.2613	0.6599	0.3350
930	22802	3.3287	92.9875	0.1184	3.3111	0.2500	0.0044	93.2246	0.4327	0.2197
931	22802	0.0439	95.5530	3.4076	0.7938	0.1974	0.0044	95.7462	0.2868	0.1456
932	22802	0.0044	96.1100	0.0219	2.8813	0.5482	0.4342	97.0635	0.1936	0.0983
933	22804	4.0168	0.0175	95.7814	0.0132	0.0877	0.0833	95.9455	0.2477	0.1258
934	22804	0.0833	99.7457	0.0219	0.0000	0.1009	0.0482	99.8946	0.0127	0.0065
935	22804	99.8246	0.0132	0.0263	0.0044	0.1228	0.0088	99.9561	0.0061	0.0031
936	22803	0.0000	99.8465	0.0132	0.0044	0.0746	0.0614	99.9824	0.0026	0.0013
937	22802	99.7632	0.0263	0.0307	0.0044	0.1623	0.0132	99.9385	0.0082	0.0042
938	22802	99.7851	0.0570	0.0263	0.0175	0.0746	0.0395	99.8990	0.0129	0.0066
939	22802	0.0482	2.0744	97.0529	0.0132	0.1184	0.6929	97.8468	0.1545	0.0784
940	22802	0.1184	97.5616	0.5745	1.5569	0.1184	0.0702	97.7459	0.1801	0.0915
941	22802	8.5870	0.0175	91.2464	0.0088	0.1228	0.0175	91.3746	0.4267	0.2166
942	22802	0.0044	0.0175	99.4650	0.0175	0.1140	0.3815	99.9603	0.0056	0.0028
943	22802	4.9732	24.6601	0.0307	70.1781	0.1360	0.0219	70.2890	1.0749	0.5458
944	22800	0.0132	0.0132	99.8070	0.0132	0.1491	0.0044	99.9605	0.0057	0.0029
945	22799	0.1579	0.0044	99.6623	0.0088	0.1140	0.0526	99.8287	0.0190	0.0097
946	22799	99.8202	0.0044	0.0439	0.0088	0.1140	0.0088	99.9429	0.0075	0.0038
947	22799	1.6229	0.0175	96.7893	1.2939	0.1842	0.0921	97.0575	0.2220	0.1127
948	22799	0.0088	86.5345	0.2895	7.2284	0.1579	5.7810	91.9981	0.4221	0.2143
949	22799	95.7454	3.0440	0.8860	0.0921	0.1754	0.0570	95.9685	0.2804	0.1424
950	22799	0.0088	0.3026	0.0088	99.5175	0.1360	0.0263	99.6793	0.0323	0.0164
951	22799	0.0219	0.1228	99.7061	0.0000	0.1491	0.0000	99.8550	0.0166	0.0085
952	22798	0.0088	13.0275	0.0088	86.7883	0.1447	0.0219	86.9332	0.5614	0.2850
953	22798	0.0132	0.0044	97.3156	2.4695	0.1974	0.0000	97.5080	0.1699	0.0863
954	22798	0.2895	0.1184	99.4561	0.0044	0.1228	0.0088	99.5871	0.0425	0.0216
955	22798	18.9446	8.7508	0.0175	72.1379	0.1447	0.0044	72.2457	1.1038	0.5604
956	22798	0.0132	0.0439	0.0219	99.7631	0.1360	0.0219	99.9209	0.0104	0.0053
957	22798	0.0044	0.5088	0.0044	98.9824	0.1491	0.3509	99.4798	0.0477	0.0242
958	22798	99.8026	0.0000	0.0000	0.0175	0.1755	0.0044	99.9824	0.0024	0.0012
959	22798	99.7631	0.0219	0.0000	0.0263	0.1447	0.0439	99.9517	0.0065	0.0033
960	22798	0.0044	0.0307	0.0263	99.7982	0.1272	0.0132	99.9385	0.0082	0.0042
961	22798	0.0132	0.0351	0.0132	99.7149	0.1447	0.0790	99.9385	0.0083	0.0042
962	22798	0.0263	95.5435	3.5749	0.6272	0.1842	0.0439	95.7619	0.2810	0.1427
963	22798	0.0526	0.0351	99.7280	0.0088	0.1667	0.0088	99.9033	0.0124	0.0063
964	22798	99.7324	0.0088	0.0132	0.0044	0.2018	0.0395	99.9736	0.0039	0.0020
965	22796	33.9182	11.5020	0.7896	53.0356	0.3071	0.4474	53.4388	1.4283	0.7252
966	22796	0.0439	0.0439	96.1572	0.7150	0.5308	2.5092	99.1721	0.0742	0.0377
967	22795	0.0132	83.8956	0.1974	0.2018	0.7896	14.9024	99.5109	0.0503	0.0255
968	22795	97.7758	0.0132	0.1886	1.9302	0.0877	0.0044	97.8660	0.1592	0.0809
969	22794	99.8245	0.0219	0.0175	0.0219	0.0526	0.0614	99.9385	0.0084	0.0043
970	22794	0.0702	99.6403	0.0044	0.0219	0.0439	0.2194	99.9032	0.0121	0.0061
971	22794	0.8028	0.0614	98.6795	0.0044	0.0658	0.3861	99.1274	0.0758	0.0385
972	22794	0.0263	99.8596	0.0219	0.0219	0.0570	0.0132	99.9298	0.0095	0.0048
973	22794	0.0175	0.2720	99.6095	0.0219	0.0702	0.0088	99.6883	0.0325	0.0165
974	22794	81.3328	14.7539	3.2772	0.5484	0.0439	0.0439	81.4042	0.8521	0.4326
975	22794	85.5050	0.0044	13.6703	0.0088	0.0351	0.7765	86.2046	0.5805	0.2947
976	22794	6.5105	2.2989	90.5326	0.0132	0.0746	0.5703	91.1202	0.5073	0.2576
977	22794	99.7324	0.1009	0.1185	0.0000	0.0439	0.0044	99.7805	0.0247	0.0126
978	22794	97.6178	0.0439	0.0790	2.1453	0.0526	0.0614	97.7293	0.1644	0.0835
979	22793	0.0483	99.3112	0.1360	0.4475	0.0439	0.0132	99.3679	0.0623	0.0316
980	22793	0.0483	97.3501	0.0132	0.0132	0.0395	2.5359	99.9234	0.0100	0.0051
981	22791	0.0088	0.0176	0.0044	99.9210	0.0351	0.0132	99.9693	0.0045	0.0023
982	22791	0.0088	3.4092	0.0176	96.4547	0.0746	0.0351	96.5607	0.2184	0.1109
983	22790	99.9254	0.0044	0.0132	0.0000	0.0439	0.0132	99.9824	0.0026	0.0013
984	22790	0.0000	99.9430	0.0088	0.0176	0.0307	0.0000	99.9737	0.0038	0.0019
985	22791	0.0263	99.8640	0.0088	0.0132	0.0395	0.0483	99.9517	0.0067	0.0034
986	22791	54.8989	4.9405	0.8951	38.6293	0.0439	0.5923	55.2504	1.2793	0.6496
987	22791	20.9425	1.7419	77.2498	0.0088	0.0570	0.0000	77.2939	0.8627	0.4380
988	22791	1.1233	27.0721	70.8920	0.0658	0.0395	0.8073	71.4975	0.9377	0.4761
989	22791	4.0016	20.0123	18.4854	36.8128	0.0921	20.5958	46.4151	1.7224	0.8745
990	22791	0.2720	86.6877	0.1974	0.7196	0.0307	12.0925	98.6469	0.1217	0.0618
991	22791	0.7678	1.1276	0.0614	96.6566	0.0351	1.3514	98.0156	0.1633	0.0829
992	22791	3.9314	0.8907	0.0307	92.5058	0.0483	2.5931	95.0155	0.3227	0.1638
993	22791	6.9852	0.0263	92.3654	0.0088	0.0439	0.5704	92.9363	0.3718	0.1888
994	22791	99.6665	0.0000	0.0176	0.0921	0.0351	0.1887	99.8901	0.0131	0.0066
995	22791	2.3299	85.2573	0.1448	0.3642	0.0307	11.8731	96.7776	0.2323	0.1179
996	22791	98.9162	0.0746	0.3379	0.1448	0.0527	0.4739	99.4398	0.0574	0.0292
997	22791	0.1536	0.0219	1.6366	97.4683	0.0351	0.6845	98.1747	0.1409	0.0715
998	22791	15.5632	46.3253	32.9428	3.6857	0.0351	1.4479	47.0227	1.6383	0.8318
999	22791	0.9083	65.4995	8.0997	20.2361	0.0614	5.1950	69.1335	1.2115	0.6151
1000	22791	59.1198	4.3438	6.0111	15.5193	0.0702	14.9357	69.5576	1.3018	0.6610
1001	22790	5.0373	61.4568	4.4932	7.6393	0.1272	21.2462	78.1628	1.0946	0.5558
1002	22790	4.1378	3.2865	75.1207	16.7968	0.0965	0.5616	75.6184	1.0921	0.5545
1003	22788	1.0488	2.2731	83.9609	2.7207	0.0307	9.9658	93.2862	0.4550	0.2310
1004	22788	86.5850	4.9982	1.8475	4.1864	0.0746	2.3082	88.6986	0.6762	0.3433
1005	22787	66.9285	18.5106	1.8300	5.6567	0.0702	7.0040	72.0236	1.1621	0.5900
1006	22787	11.1292	17.9488	51.2924	0.2370	0.1580	19.2347	63.6324	1.3166	0.6685
1007	22787	14.6048	30.2453	12.5905	42.0064	0.2194	0.3335	42.2400	1.8314	0.9298
1008	22786	10.2607	32.4936	11.7572	43.9919	0.2589	1.2376	44.6603	1.7531	0.8901
1009	22785	11.5822	25.3456	17.3667	41.0007	0.2633	4.4415	43.0249	1.8488	0.9387
1010	22785	4.0377	15.0055	14.1365	39.3812	0.1799	27.2592	54.2733	1.6404	0.8329
1011	22785	1.3693	69.1683	9.3131	0.1185	0.1229	19.9078	86.4936	0.6567	0.3334
1012	22785	81.4000	3.5067	3.9807	5.0603	0.0878	5.9645	86.6439	0.7765	0.3943
1013	22785	1.7599	0.4608	95.6945	1.0665	0.0922	0.9260	96.6789	0.2570	0.1305
1014	22784	90.1993	0.8471	0.9436	1.6942	0.0483	6.2676	96.2802	0.2855	0.1450
1015	22784	8.8483	1.9575	86.4466	0.6320	0.0658	2.0497	88.3149	0.6316	0.3207
1016	22784	91.7749	2.4447	1.1587	1.8390	0.0571	2.7256	94.4018	0.3965	0.2013
1017	22783	1.3431	9.5334	2.5370	80.9375	0.0746	5.5743	85.7834	0.7515	0.3816
1018	22782	1.7514	3.3316	68.5497	2.5590	0.1449	23.6634	89.9700	0.6242	0.3169
1019	22781	49.6905	8.7090	11.2506	8.6388	0.2283	21.4828	63.4707	1.5218	0.7727
1020	22781	0.8779	6.5757	81.2783	6.0182	0.1580	5.0920	85.7818	0.7721	0.3920
1021	22780	45.4565	11.5979	21.5364	12.6427	0.2502	8.5162	49.8244	1.7658	0.8966
1022	22780	22.8227	14.4864	15.3468	22.2827	0.2151	24.8464	30.4552	1.9695	1.0000
1023	22780	1.3301	6.7471	5.9306	66.2248	0.1800	19.5874	82.5409	0.9047	0.4593
1024	22779	0.7683	12.4281	57.6935	13.6046	0.1098	15.3958	68.2808	1.2685	0.6440
1025	22779	4.1354	8.2005	1.3872	82.8175	0.0746	3.3847	85.7851	0.7746	0.3933
1026	22779	1.1546	20.8174	41.8060	18.6619	0.1185	17.4415	50.7109	1.5696	0.7969
1027	22779	1.8131	93.4413	0.8517	3.0291	0.0659	0.7990	94.2565	0.3987	0.2025
1028	22779	5.6368	78.2475	0.5005	2.6164	0.0702	12.9286	89.9384	0.5882	0.2987
1029	22779	1.9579	4.9870	3.4681	88.6694	0.0439	0.8736	89.4905	0.6416	0.3257
1030	22779	1.4092	1.0404	3.7139	85.2935	0.0483	8.4947	93.2607	0.4478	0.2274
1031	22779	4.1837	77.0271	0.3951	5.3163	0.0746	13.0032	88.6162	0.6471	0.3286
1032	22779	4.4339	1.6067	90.6142	2.9194	0.0351	0.3907	91.0017	0.5690	0.2889
1033	22779	3.8193	4.2627	89.1830	1.5233	0.0483	1.1634	90.2769	0.6031	0.3062
1034	22779	2.1423	1.7077	79.5777	2.7042	0.0571	13.8110	92.3904	0.5070	0.2574
1035	22779	57.2545	1.8394	24.7289	11.2648	0.0966	4.8158	60.2124	1.4207	0.7213
1036	22779	55.4282	0.9570	10.6019	3.0554	0.1405	29.8169	79.1351	0.9612	0.4880
1037	22779	1.4750	83.2785	7.4411	6.9977	0.0571	0.7507	83.9566	0.8523	0.4327
1038	22779	20.1984	44.9230	10.1453	11.9716	0.1493	12.6125	51.4946	1.7360	0.8814
1039	22779	10.8741	1.1195	65.3672	4.6490	0.1361	17.8542	79.7067	0.9666	0.4908
1040	22779	13.5739	4.7675	3.4901	59.7129	0.0702	18.3854	73.2275	1.1938	0.6062
1041	22779	6.1416	5.2724	72.0752	5.1802	0.0615	11.2692	81.2853	0.9913	0.5033
1042	22779	62.9395	4.1047	2.3882	29.2287	0.0878	1.2512	63.7937	1.2545	0.6369
1043	22779	6.1724	13.0252	51.4509	10.7863	0.0527	18.5127	63.1806	1.5099	0.7666
1044	22779	89.9425	0.0746	0.1054	0.8385	0.0220	9.0171	98.8803	0.0981	0.0498
1045	22778	0.0000	91.1625	0.7419	0.3951	0.0263	7.6741	98.7681	0.1073	0.0545
1046	22778	96.3781	0.0220	0.0220	0.0132	0.0439	3.5209	99.9408	0.0081	0.0041
1047	22778	0.0395	0.0088	99.8990	0.0088	0.0395	0.0044	99.9429	0.0077	0.0039
1048	22777	0.5093	0.0044	99.3853	0.0176	0.0395	0.0439	99.4683	0.0493	0.0250
1049	22777	3.1918	0.0307	0.0351	96.6853	0.0527	0.0044	96.7405	0.2126	0.1079
1050	22777	0.0307	0.0132	99.8902	0.0132	0.0439	0.0088	99.9429	0.0078	0.0040
1051	22777	0.0263	55.2355	44.2640	0.3600	0.0483	0.0659	55.2987	1.0253	0.5206
1052	22777	0.0000	0.0088	0.0132	99.7585	0.1361	0.0834	99.9780	0.0032	0.0016
1053	22777	0.0439	0.0044	99.8551	0.0044	0.0395	0.0527	99.9473	0.0069	0.0035
1054	22777	0.0044	99.8902	0.0044	0.0000	0.0439	0.0571	99.9912	0.0014	0.0007
1055	22777	99.9166	0.0044	0.0307	0.0044	0.0351	0.0088	99.9605	0.0054	0.0028
1056	22777	0.0132	1.5586	0.0000	98.3887	0.0307	0.0088	98.4276	0.1178	0.0598
1057	22777	0.0263	0.0132	99.9122	0.0044	0.0439	0.0000	99.9561	0.0061	0.0031
1058	22777	0.0220	0.0176	99.8727	0.0176	0.0483	0.0220	99.9429	0.0079	0.0040
1059	22777	0.0176	66.6901	0.0351	32.1333	0.0439	1.0800	67.4482	0.9165	0.4653
1060	22777	0.0088	5.8348	0.0044	93.9544	0.0483	0.1493	94.1404	0.3233	0.1642
1061	22777	0.0527	0.0176	99.8727	0.0088	0.0395	0.0088	99.9209	0.0103	0.0052
1062	22777	0.0220	2.4762	0.0088	97.4448	0.0395	0.0088	97.4919	0.1717	0.0872
1063	22777	0.0044	99.8771	0.0220	0.0395	0.0395	0.0176	99.9341	0.0087	0.0044
1064	22777	0.0044	0.0351	99.9078	0.0000	0.0483	0.0044	99.9605	0.0052	0.0027
1065	22777	0.1098	0.4434	0.0132	99.3678	0.0483	0.0176	99.4333	0.0553	0.0281
1066	22777	0.0044	99.9385	0.0000	0.0000	0.0395	0.0176	99.9956	0.0007	0.0004
1067	22775	99.9166	0.0000	0.0220	0.0044	0.0439	0.0132	99.9736	0.0037	0.0019
1068	22775	0.0263	0.0220	99.8727	0.0044	0.0351	0.0395	99.9473	0.0072	0.0037
1069	22775	0.0088	99.0823	0.0176	0.8606	0.0220	0.0088	99.1128	0.0752	0.0382
1070	22775	0.0044	0.0571	0.0000	99.8946	0.0395	0.0044	99.9385	0.0077	0.0039
1071	22775	0.0132	99.8902	0.0044	0.0263	0.0571	0.0088	99.9561	0.0061	0.0031
1072	22775	0.0263	0.0307	99.8727	0.0132	0.0439	0.0132	99.9297	0.0094	0.0048
1073	22775	0.0220	0.0307	0.0220	99.8727	0.0351	0.0176	99.9253	0.0100	0.0051
1074	22775	3.1306	0.0132	96.8079	0.0000	0.0395	0.0088	96.8547	0.2029	0.1030
1075	22775	0.0439	18.3315	0.0088	81.5543	0.0483	0.0132	81.6045	0.6942	0.3525
1076	22775	0.0044	91.2843	0.0000	8.6323	0.0395	0.0395	91.3565	0.4250	0.2158
1077	22775	0.0176	0.0263	99.8551	0.0000	0.0527	0.0483	99.9560	0.0060	0.0030
1078	22775	0.0263	0.1054	0.0220	99.7585	0.0527	0.0351	99.8462	0.0185	0.0094
1079	22775	0.0088	0.0044	99.7936	0.0000	0.0439	0.1493	99.9868	0.0020	0.0010
1080	22775	99.8727	0.0176	0.0527	0.0132	0.0395	0.0044	99.9165	0.0108	0.0055
1081	22775	8.1668	0.0132	91.7453	0.0088	0.0483	0.0176	91.8058	0.4114	0.2089
1082	22775	82.3842	0.0263	17.5192	0.0044	0.0307	0.0351	82.4385	0.6738	0.3421
1083	22775	0.0000	2.3183	0.0703	97.5104	0.0307	0.0703	97.6090	0.1674	0.0850
1084	22775	0.0176	0.7596	99.1745	0.0044	0.0307	0.0132	99.2181	0.0676	0.0343
1085	22775	0.0044	0.7903	0.0132	99.1526	0.0307	0.0088	99.1918	0.0692	0.0351
1086	22774	0.0307	9.9016	0.0000	89.9754	0.0395	0.0527	90.0585	0.4701	0.2387
1087	22774	6.4020	6.9641	86.1553	0.4391	0.0307	0.0088	86.1893	0.7409	0.3762
1088	22774	0.3161	0.2195	96.4170	2.3053	0.0351	0.7069	97.1378	0.2127	0.1080
1089	22774	0.0132	1.2822	97.7826	0.0132	0.0439	0.8650	98.6795	0.1035	0.0526
1090	22773	0.0044	0.0088	0.0088	99.9341	0.0307	0.0132	99.9780	0.0033	0.0017
1091	22773	0.0044	0.3074	0.0132	99.5697	0.0703	0.0351	99.6747	0.0327	0.0166
1092	22773	99.5433	0.2459	0.0176	0.0176	0.1669	0.0088	99.7185	0.0298	0.0151
1093	22773	99.8375	0.0044	0.0132	0.0132	0.0395	0.0922	99.9692	0.0045	0.0023
1094	22773	0.0088	0.0044	99.8814	0.0044	0.0483	0.0527	99.9824	0.0027	0.0014
1095	22772	0.0088	0.0088	0.0044	99.9078	0.0439	0.0263	99.9780	0.0033	0.0017
1096	22772	0.0088	98.6519	1.2735	0.0176	0.0395	0.0088	98.6995	0.1022	0.0519
1097	22772	2.9993	96.3815	0.2020	0.3777	0.0263	0.0132	96.4196	0.2510	0.1274
1098	22772	0.2810	85.2275	7.3424	6.9032	0.0527	0.1932	85.4376	0.7616	0.3867
1099	22770	6.8819	0.0351	92.4286	0.4392	0.1405	0.0747	92.6280	0.4069	0.2066
1100	22770	0.2020	85.8366	0.0176	13.7198	0.1010	0.1230	86.0293	0.6007	0.3050
1101	22770	99.8902	0.0044	0.0395	0.0176	0.0439	0.0044	99.9385	0.0082	0.0042
1102	22769	99.8638	0.0044	0.0176	0.0220	0.0351	0.0571	99.9560	0.0061	0.0031
1103	22769	0.0000	99.8902	0.0088	0.0132	0.0351	0.0527	99.9780	0.0032	0.0016
1104	22769	0.0264	0.0044	99.9034	0.0044	0.0439	0.0176	99.9648	0.0049	0.0025
1105	22769	99.9122	0.0176	0.0132	0.0044	0.0351	0.0176	99.9648	0.0050	0.0026
1106	22769	0.2899	0.0088	99.6486	0.0044	0.0351	0.0132	99.6968	0.0306	0.0156
1107	22769	0.0044	99.8770	0.0088	0.0439	0.0527	0.0132	99.9429	0.0075	0.0038
1108	22769	0.0395	0.0307	99.8638	0.0044	0.0395	0.0220	99.9253	0.0098	0.0050
1109	22769	0.6105	95.7442	0.0395	0.0615	0.0395	3.5048	99.2624	0.0682	0.0346
1110	22768	99.8946	0.0088	0.0220	0.0132	0.0527	0.0088	99.9561	0.0062	0.0031
1111	22767	99.8463	0.0351	0.0220	0.0088	0.0571	0.0307	99.9341	0.0088	0.0045
1112	22767	0.0132	99.8375	0.0176	0.0878	0.0351	0.0088	99.8814	0.0145	0.0074
1113	22767	0.0132	99.9253	0.0044	0.0220	0.0176	0.0176	99.9605	0.0056	0.0028
1114	22767	0.0000	99.7672	0.0088	0.0132	0.0264	0.1845	99.9780	0.0032	0.0016
1115	22767	4.5768	23.8635	2.4377	68.6125	0.0351	0.4744	68.9638	1.1992	0.6089
1116	22767	0.0088	28.6379	0.1186	70.5407	0.1186	0.5754	71.0337	0.8806	0.4471
1117	22766	40.2750	0.3426	57.8846	0.8829	0.0747	0.5403	58.2427	1.0710	0.5438
1118	22766	0.9532	7.3399	0.4964	80.2820	0.0483	10.8803	90.1322	0.5436	0.2760
1119	22766	1.0366	76.9305	5.0206	16.1776	0.0395	0.7950	77.5780	0.9976	0.5065
1120	22766	6.8699	65.0707	10.6343	0.2284	0.0395	17.1572	78.5847	0.9749	0.4950
1121	22766	9.0662	7.1598	3.6809	79.9701	0.0747	0.0483	80.0686	1.0191	0.5174
1122	22766	13.2654	5.1700	6.8479	73.9831	0.0527	0.6808	74.5298	1.1923	0.6054
1123	22765	44.6123	2.7235	0.1669	41.7088	0.0264	10.7621	50.0074	1.1834	0.6009
1124	22765	1.6956	0.6721	94.3817	0.0307	0.0395	3.1803	97.5218	0.1910	0.0970
1125	22765	0.0132	0.2811	0.0088	99.5827	0.0483	0.0659	99.6966	0.0311	0.0158
1126	22765	1.0367	0.2108	0.0088	98.5548	0.0615	0.1274	98.7413	0.1064	0.0540
1127	22765	7.7751	0.0264	91.8647	0.0264	0.0791	0.2284	92.1481	0.4020	0.2041
1128	22765	0.2196	99.1390	0.2152	0.1669	0.0791	0.1801	99.3966	0.0627	0.0318
1129	22765	0.1581	87.2172	0.0659	11.9921	0.0659	0.5008	87.7143	0.5557	0.2822
1130	22765	99.5959	0.1098	0.0176	0.0483	0.0264	0.2021	99.8239	0.0209	0.0106
1131	22765	3.8832	3.0178	71.9218	15.5765	0.0659	5.5348	76.1889	1.0760	0.5463
1132	22764	0.0966	99.1785	0.0176	0.4832	0.0351	0.1889	99.4012	0.0577	0.0293
1133	22763	64.8465	0.8083	33.5149	0.4613	0.0923	0.2768	65.0866	1.0242	0.5200
1134	22763	5.7550	4.3448	56.6094	30.2069	0.1054	2.9785	58.4108	1.4200	0.7210
1135	22763	2.6710	5.2893	0.1977	89.4566	0.0351	2.3503	91.6427	0.5035	0.2556
1136	22759	32.4092	29.8475	5.5143	31.4337	0.5624	0.2329	32.6690	1.8057	0.9168
1137	22759	71.0532	19.0782	4.0599	2.3903	0.2329	3.1856	73.5681	1.1123	0.5647
1138	22759	8.6252	0.5888	76.4708	13.9593	0.1011	0.2548	76.7440	1.0396	0.5279
1139	22759	0.7206	0.0659	68.6673	29.4038	0.0395	1.1029	69.4609	0.9443	0.4794
1140	22758	5.4223	28.2626	7.4435	58.1466	0.1406	0.5844	58.5712	1.4773	0.7501
1141	22758	0.5273	19.8480	18.7143	18.7758	0.0659	42.0687	34.3003	1.6448	0.8351
1142	22758	0.1406	0.0044	97.0472	0.0747	0.0264	2.7067	99.7741	0.0255	0.0129
1143	22758	4.4995	1.5994	90.9438	0.1142	0.0264	2.8166	93.6050	0.4035	0.2049
1144	22758	0.0088	0.4218	94.5558	0.1318	0.0835	4.7983	99.4087	0.0576	0.0292
1145	22758	46.8582	37.0199	13.1558	2.6804	0.0659	0.2197	46.9925	1.5685	0.7964
1146	22758	77.2871	0.1362	0.3296	0.6723	0.0527	21.5221	98.5489	0.1287	0.0654
1147	22758	0.0132	99.1739	0.4306	0.1011	0.0132	0.2680	99.4536	0.0536	0.0272
1148	22758	1.4193	0.2549	0.0527	98.0227	0.0132	0.2373	98.2688	0.1398	0.0710
1149	22758	0.0044	94.6480	0.3911	4.1392	0.0395	0.7777	95.4280	0.2878	0.1461
1150	22758	31.5493	1.6390	4.5083	62.0441	0.0395	0.2197	62.2054	1.2506	0.6350
1151	22758	68.6704	7.2766	5.9320	16.2317	0.0264	1.8631	69.9928	1.3128	0.6665
1152	22758	59.1309	1.6038	21.7638	2.5969	0.0483	14.8563	69.4878	1.1297	0.5736
1153	22758	0.0352	6.1165	87.1913	6.5559	0.0220	0.0791	87.2795	0.6800	0.3452
1154	22758	6.4241	3.1242	79.3875	1.9861	0.0395	9.0386	87.3139	0.7286	0.3699
1155	22758	79.9807	0.2724	6.8284	4.9345	0.0659	7.9181	86.9204	0.7055	0.3582
1156	22758	4.8774	0.1846	87.2177	2.7375	0.0703	4.9126	91.7915	0.4983	0.2530
1157	22758	99.3057	0.0132	0.0352	0.0044	0.0220	0.6196	99.9469	0.0072	0.0036
1158	22758	0.0220	99.8945	0.0088	0.0220	0.0088	0.0439	99.9472	0.0073	0.0037
1159	22758	0.6108	9.0693	0.0088	90.2100	0.0220	0.0791	90.3013	0.4933	0.2505
1160	22758	0.1538	0.0220	99.7144	0.0132	0.0308	0.0659	99.8109	0.0215	0.0109
1161	22758	0.0659	99.8418	0.0044	0.0527	0.0264	0.0088	99.8769	0.0151	0.0077
1162	22758	0.0176	99.2310	0.0220	0.6284	0.0352	0.0659	99.3314	0.0605	0.0307
1163	22758	11.1170	4.1524	71.9044	5.5936	0.0132	7.2194	77.5104	1.0966	0.5568
1164	22758	0.1230	1.2787	96.5507	0.1099	0.0220	1.9158	98.4586	0.1268	0.0644
1165	22758	0.3339	8.6651	24.2508	64.8695	0.0439	1.8367	66.1129	1.2302	0.6246
1166	22758	2.4475	0.1802	96.7748	0.1099	0.0308	0.4570	97.2491	0.1979	0.1005
1167	22758	57.0569	12.0090	1.0062	3.9019	0.0220	26.0040	77.1310	1.0230	0.5194
1168	22757	0.0967	31.0498	0.3691	57.8020	0.0395	10.6429	64.7151	0.9796	0.4974
1169	22757	77.5146	21.2945	0.8261	0.1890	0.1538	0.0220	77.6511	0.8332	0.4230
1170	22757	98.0358	0.0483	1.8104	0.0395	0.0132	0.0527	98.1004	0.1418	0.0720
1171	22757	70.6947	2.5267	22.6480	0.7251	0.0527	3.3528	73.1872	1.0107	0.5132
1172	22757	0.2461	92.4990	2.0082	0.1846	0.0088	5.0534	97.4312	0.1940	0.0985
1173	22757	5.3214	49.9451	4.6184	34.4246	0.0483	5.6422	52.9587	1.4635	0.7431
1174	22757	0.4658	0.0747	99.3980	0.0220	0.0220	0.0176	99.4373	0.0546	0.0277
1175	22757	0.0352	0.0000	97.5524	0.0439	0.0044	2.3641	99.9190	0.0103	0.0052
1176	22757	99.7627	0.0044	0.0527	0.1011	0.0088	0.0703	99.8417	0.0187	0.0095
1177	22757	0.0747	0.0132	99.8682	0.0088	0.0308	0.0044	99.9033	0.0120	0.0061
1178	22757	0.0264	0.0132	99.8418	0.0044	0.0088	0.1055	99.9560	0.0061	0.0031
1179	22757	99.9561	0.0000	0.0176	0.0088	0.0132	0.0044	99.9736	0.0038	0.0019
1180	22757	99.6880	0.0044	0.2241	0.0044	0.0220	0.0571	99.7669	0.0244	0.0124
1181	22757	0.0220	0.0044	99.9517	0.0044	0.0176	0.0000	99.9692	0.0044	0.0022
1182	22757	0.0395	0.0308	99.8857	0.0000	0.0176	0.0264	99.9297	0.0091	0.0046
1183	22757	6.3409	7.6636	0.3779	85.5165	0.0395	0.0615	85.6031	0.7591	0.3854
1184	22757	1.8720	0.0176	98.0182	0.0439	0.0483	0.0000	98.0656	0.1422	0.0722
1185	22757	1.0107	0.0747	94.3578	4.5437	0.0132	0.0000	94.3702	0.3563	0.1809
1186	22757	0.1450	0.0044	99.8198	0.0132	0.0088	0.0088	99.8374	0.0184	0.0093
1187	22756	0.0220	0.4307	99.3628	0.0000	0.0659	0.1187	99.5465	0.0431	0.0219
1188	22756	98.9893	0.5185	0.3428	0.0000	0.0571	0.0923	99.1374	0.0799	0.0406
1189	22755	0.0220	24.1749	0.0264	73.1532	0.0220	2.6016	75.1241	0.8150	0.4138
1190	22755	0.0571	0.2900	96.9501	0.0132	0.0220	2.6675	99.6297	0.0384	0.0195
1191	22755	99.9385	0.0044	0.0308	0.0088	0.0088	0.0088	99.9560	0.0060	0.0031
1192	22754	0.0352	98.1366	0.5801	1.2262	0.0088	0.0132	98.1582	0.1513	0.0768
1193	22754	0.0176	0.0176	99.9077	0.0132	0.0220	0.0220	99.9516	0.0068	0.0034
1194	22753	0.0615	0.0527	0.4615	99.4111	0.0044	0.0088	99.4242	0.0564	0.0286
1195	22753	0.0088	96.7741	0.0132	0.0264	0.1582	3.0194	99.9501	0.0069	0.0035
1196	22753	99.2792	0.0132	0.0132	0.6505	0.0396	0.0044	99.3229	0.0604	0.0307
1197	22753	93.0954	0.0000	5.8498	0.0044	0.0176	1.0328	94.0837	0.3246	0.1648
1198	22753	32.0661	0.0044	67.6394	0.0088	0.0088	0.2725	67.8302	0.9080	0.4610
1199	22753	0.0088	0.0308	0.0000	99.9385	0.0044	0.0176	99.9604	0.0053	0.0027
1200	22753	0.0923	99.7363	0.0132	0.0132	0.0044	0.1406	99.8812	0.0144	0.0073
1201	22753	77.4052	22.3091	0.0396	0.1714	0.0176	0.0571	77.4631	0.7886	0.4004
1202	22753	0.0044	0.0220	3.5204	96.4400	0.0000	0.0132	96.4527	0.2235	0.1135
1203	22753	0.0088	96.6070	0.0967	0.0044	0.0308	3.2523	99.8864	0.0135	0.0068
1204	22753	99.6616	0.0176	0.2637	0.0220	0.0088	0.0264	99.6966	0.0318	0.0162
1205	22753	0.0044	7.9374	0.0044	92.0230	0.0132	0.0176	92.0513	0.4014	0.2038
1206	22753	0.0088	0.0132	99.8857	0.0264	0.0659	0.0000	99.9516	0.0067	0.0034
1207	22750	0.0264	42.3077	55.5077	0.0352	0.0308	2.0923	56.7117	0.9944	0.5049
1208	22750	0.0044	99.3846	0.0440	0.5275	0.0308	0.0088	99.4239	0.0538	0.0273
1209	22750	0.0132	99.8813	0.0044	0.0484	0.0132	0.0396	99.9340	0.0086	0.0044
1210	22750	0.0044	96.7780	0.0132	2.9495	0.0440	0.2110	97.0254	0.1948	0.0989
1211	22750	0.0703	0.0440	3.4418	96.3560	0.0791	0.0088	96.4408	0.2301	0.1168
1212	22750	3.4725	0.1187	0.2330	96.0923	0.0396	0.0440	96.1726	0.2545	0.1292
1213	22750	99.9604	0.0132	0.0088	0.0088	0.0000	0.0088	99.9692	0.0045	0.0023
1214	22749	0.1890	43.6239	0.0220	56.0860	0.0132	0.0659	56.1304	1.0094	0.5125
1215	22749	0.2286	0.7912	95.2174	0.6550	0.0132	3.0946	98.2715	0.1507	0.0765
1216	22748	26.7364	5.0510	23.8175	37.8099	0.0396	6.5456	40.4753	1.7750	0.9012
1217	22748	0.0264	70.4106	27.0529	2.4881	0.0132	0.0088	70.4261	1.0023	0.5089
1218	22748	0.0044	62.9682	2.0090	33.6205	0.0352	1.3628	63.8609	1.0575	0.5370
1219	22748	38.5968	0.3121	3.9080	55.0290	0.0352	2.1189	56.2405	1.2084	0.6135
1220	22748	0.0088	0.0132	99.9209	0.0132	0.0396	0.0044	99.9648	0.0051	0.0026
1221	22748	0.0000	0.0176	99.9692	0.0000	0.0044	0.0088	99.9824	0.0024	0.0012
1222	22748	0.0000	0.0132	99.8989	0.0044	0.0308	0.0528	99.9824	0.0026	0.0013
1223	22748	0.0088	99.8813	0.0220	0.0440	0.0176	0.0264	99.9252	0.0098	0.0050
1224	22748	2.0485	3.5124	3.2618	91.1201	0.0396	0.0176	91.1722	0.5674	0.2881
1225	22747	72.0227	0.0264	8.7220	19.1366	0.0000	0.0923	72.0892	1.1073	0.5622
1226	22747	0.0176	99.8417	0.1187	0.0132	0.0044	0.0044	99.8505	0.0176	0.0089
1227	22746	99.8637	0.0308	0.0220	0.0088	0.0308	0.0440	99.9384	0.0083	0.0042
1228	22745	2.4577	97.2434	0.0000	0.0088	0.0088	0.2814	97.5263	0.1681	0.0854
1229	22745	86.8543	0.0176	13.0886	0.0000	0.0132	0.0264	86.8886	0.5624	0.2856
1230	22734	0.0132	99.7977	0.1188	0.0352	0.0044	0.0308	99.8328	0.0197	0.0100
1231	22734	17.5772	0.0088	82.3392	0.0088	0.0308	0.0352	82.3936	0.6736	0.3420
1232	22734	0.0924	0.9017	3.1275	95.8432	0.0220	0.0132	95.8770	0.2852	0.1448
1233	22734	7.2051	0.2947	86.7423	0.0220	0.0396	5.6963	92.0205	0.4228	0.2147
1234	22734	1.2800	97.0749	0.0264	1.5835	0.0220	0.0132	97.1090	0.2195	0.1114
1235	22734	0.0264	0.0396	0.0088	99.8944	0.0088	0.0220	99.9252	0.0099	0.0050
1236	22734	99.7889	0.0176	0.1540	0.0264	0.0088	0.0044	99.8020	0.0226	0.0115
1237	22734	0.0000	99.9472	0.0132	0.0044	0.0088	0.0264	99.9824	0.0026	0.0013
1238	22734	99.9252	0.0000	0.0220	0.0044	0.0396	0.0088	99.9736	0.0037	0.0019
1239	22734	99.4810	0.0176	0.1540	0.3079	0.0000	0.0396	99.5204	0.0492	0.0250
1240	22734	0.0660	0.0132	0.0044	99.9076	0.0000	0.0088	99.9164	0.0105	0.0053
1241	22734	0.0176	0.0088	99.9692	0.0000	0.0044	0.0000	99.9736	0.0038	0.0019
1242	22734	0.2243	0.5059	99.0103	0.0396	0.0088	0.2111	99.2285	0.0740	0.0376
1243	22733	6.4796	72.0582	1.7772	14.0765	0.0220	5.5866	76.3398	1.0799	0.5483
1244	22733	5.0147	0.0308	59.0595	1.3900	0.0088	34.4961	90.1740	0.5416	0.2750
1245	22733	1.0909	44.3760	38.5563	5.7889	0.0132	10.1746	49.4098	1.3585	0.6898
1246	22733	29.2394	0.2815	35.9961	0.9854	0.0220	33.4756	54.1275	1.1240	0.5707
1247	22733	1.0865	0.7478	5.7581	84.6479	0.0088	7.7508	91.7688	0.4953	0.2515
1248	22732	96.5423	0.0748	0.1012	0.0836	0.0132	3.1849	99.7319	0.0310	0.0157
1249	22732	0.0220	96.8854	0.0748	0.0836	0.0044	2.9298	99.8142	0.0222	0.0112
1250	22732	96.9866	0.0088	0.0308	0.3211	0.0220	2.6307	99.6294	0.0374	0.0190
1251	22732	49.6173	0.1892	46.6831	0.1672	0.0440	3.2993	51.3335	1.0344	0.5252
1252	22732	64.1299	11.6752	0.0528	20.7549	0.0088	3.3785	66.3783	1.2434	0.6313
1253	22731	0.0968	0.6335	98.4603	0.0924	0.0088	0.7083	99.1714	0.0776	0.0394
1254	22730	22.4505	2.6881	68.6054	3.8099	0.0132	2.4329	70.3256	1.1704	0.5943
1255	22730	0.0044	0.6863	99.1069	0.0176	0.0132	0.1716	99.2904	0.0624	0.0317
1256	22729	22.2667	48.7131	0.8579	26.7808	0.0616	1.3199	49.3955	1.5576	0.7909
1257	22729	38.2991	9.9476	2.9346	44.3706	0.1232	4.3249	46.4361	1.5367	0.7802
1258	22728	0.0836	1.7115	95.1074	0.2816	0.0264	2.7895	97.8631	0.1663	0.0844
1259	22728	0.0176	97.4393	0.1144	0.6776	0.0308	1.7203	99.1760	0.0749	0.0380
1260	22728	16.7943	19.3682	51.1352	11.3120	0.0792	1.3112	51.8561	1.7458	0.8864
1261	22728	97.8529	0.0748	0.1760	0.5104	0.0132	1.3728	99.2281	0.0746	0.0379
1262	22728	27.2791	36.3692	12.1656	20.1998	0.0660	3.9203	37.8792	1.8971	0.9632
1263	22728	7.4490	73.0421	7.8581	2.0283	0.0396	9.5829	80.8189	0.9744	0.4947
1264	22728	1.8171	1.6939	4.2547	35.5245	0.0440	56.6658	82.0612	0.9380	0.4762
1265	22727	4.5585	73.4721	8.9013	1.2672	0.0440	11.7569	83.3026	0.8623	0.4378
1266	22727	0.2112	0.4488	96.4184	0.1100	0.0132	2.7984	99.2077	0.0775	0.0394
1267	22726	1.4917	68.3446	0.3080	23.3565	0.1232	6.3760	73.0952	0.9528	0.4838
1268	22726	13.3767	0.0704	85.2988	0.1144	0.0396	1.1001	86.2821	0.5929	0.3010
1269	22726	93.7252	0.3036	0.0968	2.6313	0.0484	3.1946	96.8666	0.2220	0.1127
1270	22725	2.0550	7.8240	81.7998	4.7613	0.0748	3.4851	84.8193	0.8280	0.4204
1271	22725	27.3927	3.9868	44.8405	8.2596	0.0616	15.4587	53.0784	1.5477	0.7858
1272	22725	0.0880	1.7426	92.0836	4.1936	0.0132	1.8790	93.8596	0.3926	0.1993
1273	22725	0.0352	21.9230	54.6887	15.3795	0.0660	7.9076	59.4272	1.3749	0.6981
1274	22725	68.2684	1.3333	25.0693	4.4444	0.0616	0.8229	68.8776	1.1566	0.5872
1275	22724	48.0329	1.9011	1.5622	7.2346	0.0308	41.2383	81.7848	0.9088	0.4614
1276	22724	0.1716	0.1452	95.3265	3.2917	0.0132	1.0518	96.3526	0.2447	0.1243
1277	22724	0.8009	97.6237	0.0132	0.3300	0.0528	1.1794	98.8416	0.1021	0.0519
1278	22724	10.7772	16.6520	42.7434	25.6205	0.0528	4.1542	44.6205	1.8218	0.9250
1279	22724	85.3635	1.1398	8.5944	0.2904	0.0308	4.5811	89.4907	0.5580	0.2833
1280	22724	95.9514	0.0132	0.0044	0.1188	0.0000	3.9122	99.8580	0.0164	0.0083
1281	22724	4.1806	54.8715	0.1276	40.3142	0.0044	0.5017	55.1506	1.2061	0.6124
1282	22724	0.3212	98.3938	0.0220	0.0220	0.0044	1.2366	99.6302	0.0376	0.0191
1283	22724	3.0100	3.1553	2.9440	48.9923	0.0220	41.8764	84.3217	0.8750	0.4442
1284	22724	1.4434	86.6177	1.5886	2.6800	0.0220	7.6483	93.8135	0.4293	0.2180
1285	22724	75.4137	2.5172	2.7328	11.0720	0.0220	8.2424	82.2076	0.8939	0.4539
1286	22724	27.8912	5.2544	12.5286	37.6078	0.0704	16.6476	45.1572	1.7091	0.8678
1287	22724	99.2915	0.0132	0.0176	0.0044	0.0044	0.6689	99.9646	0.0051	0.0026
1288	22724	99.2651	0.0176	0.0044	0.0044	0.0044	0.7041	99.9734	0.0039	0.0020
1289	22724	97.9493	0.4709	0.0220	0.0220	0.0000	1.5358	99.4771	0.0498	0.0253
1290	22724	19.7544	14.6893	63.1843	0.1584	0.0440	2.1695	64.6146	1.2991	0.6596
1291	22724	1.2894	62.5990	0.1320	28.4633	0.0088	7.5075	67.6865	1.0038	0.5097
1292	22724	6.0905	2.0023	21.7699	3.0760	0.0616	66.9996	66.0922	1.4102	0.7160
1293	22724	1.3158	83.8277	0.5061	4.6603	0.0220	9.6682	92.8223	0.4512	0.2291
1294	22723	14.1531	1.5623	71.8039	4.4976	0.0308	7.9523	78.0334	1.0073	0.5115
1295	22723	0.2376	1.9936	1.6767	95.6476	0.0176	0.4269	96.0746	0.2885	0.1465
1296	22723	0.0220	99.7756	0.0132	0.0792	0.0176	0.0924	99.8855	0.0142	0.0072
1297	22717	6.4489	10.3359	21.9175	1.3294	0.0308	59.9375	54.7504	1.5676	0.7959
1298	22716	0.2905	13.8625	0.0000	84.2138	0.0044	1.6288	85.6120	0.6151	0.3123
1299	22716	99.3925	0.1893	0.3302	0.0132	0.0308	0.0440	99.4669	0.0537	0.0273
1300	22715	0.1101	0.0000	99.7843	0.0308	0.0132	0.0616	99.8590	0.0165	0.0084
1301	22713	0.0088	0.0132	0.0044	99.8899	0.0044	0.0792	99.9736	0.0039	0.0020
1302	22711	0.4095	22.6983	0.1849	76.6765	0.0132	0.0176	76.7001	0.8285	0.4206
1303	22711	0.1101	99.3571	0.3523	0.0528	0.0088	0.1189	99.4842	0.0527	0.0268
1304	22711	3.2803	0.0088	96.6360	0.0440	0.0044	0.0264	96.6658	0.2151	0.1092
1305	22710	0.2554	0.0044	99.6786	0.0132	0.0044	0.0440	99.7269	0.0283	0.0144
1306	22710	99.9384	0.0000	0.0132	0.0000	0.0176	0.0308	99.9868	0.0019	0.0010
1307	22709	0.0572	1.9111	0.0044	97.9876	0.0088	0.0308	98.0264	0.1441	0.0732
1308	22709	0.4976	27.9757	0.0044	71.4607	0.0132	0.0484	71.5047	0.8989	0.4564
1309	22709	0.2026	0.2334	99.5464	0.0044	0.0088	0.0044	99.5596	0.0455	0.0231
1310	22709	2.2590	24.3164	51.0502	17.1342	0.0176	5.2226	53.8733	1.5590	0.7915
1311	22709	67.8762	1.6645	25.3996	4.0777	0.0044	0.9776	68.5493	1.1656	0.5918
1312	22709	0.0176	12.2110	87.4983	0.1761	0.0220	0.0749	87.5832	0.5565	0.2826
1313	22709	0.1894	0.8367	18.2130	78.9599	0.0132	1.7878	80.4081	0.7797	0.3959
1314	22709	0.0308	99.4804	0.0308	0.0440	0.0264	0.3875	99.8939	0.0137	0.0069
1315	22708	0.0176	0.0264	0.0000	99.9163	0.0088	0.0308	99.9559	0.0060	0.0030
1316	22708	0.0132	0.0308	99.9295	0.0132	0.0132	0.0000	99.9427	0.0078	0.0040
1317	22708	4.0382	95.0590	0.1277	0.7266	0.0088	0.0396	95.1051	0.3198	0.1624
1318	22707	99.8371	0.0396	0.0617	0.0088	0.0440	0.0088	99.8898	0.0138	0.0070
1319	22707	99.8855	0.0264	0.0176	0.0220	0.0132	0.0352	99.9339	0.0090	0.0046
1320	22707	0.0176	99.2293	0.0088	0.7222	0.0176	0.0044	99.2512	0.0655	0.0333
1321	22706	0.0176	4.6243	0.0000	95.3404	0.0044	0.0132	95.3572	0.2727	0.1385
1322	22706	0.0176	99.8503	0.0176	0.0396	0.0528	0.0220	99.9251	0.0100	0.0051
1323	22706	0.0176	0.0308	99.5200	0.0132	0.0220	0.3964	99.9381	0.0084	0.0043
1324	22706	77.3804	19.6776	2.4355	0.3744	0.0132	0.1189	77.4828	0.9078	0.4609
1325	22705	0.1497	87.5094	12.2396	0.0176	0.0088	0.0749	87.5827	0.5549	0.2817
1326	22705	4.0388	23.2636	1.6913	68.0423	0.0132	2.9509	70.1207	1.1458	0.5818
1327	22705	10.5660	56.2784	30.8258	2.2594	0.0617	0.0088	56.3180	1.4563	0.7394
1328	22703	0.0088	92.4547	0.8677	2.1451	0.0044	4.5192	96.8352	0.2308	0.1172
1329	22700	71.4229	0.0088	27.2511	0.3700	0.0132	0.9339	72.1058	0.8838	0.4487
1330	22699	0.0088	1.8900	0.0044	98.0572	0.0132	0.0264	98.0961	0.1373	0.0697
1331	22698	0.0529	0.0000	99.9163	0.0000	0.0132	0.0176	99.9471	0.0065	0.0033
1332	22691	99.9427	0.0044	0.0220	0.0088	0.0132	0.0088	99.9647	0.0050	0.0025
1333	22691	99.9251	0.0088	0.0220	0.0000	0.0088	0.0353	99.9691	0.0043	0.0022
1334	22690	0.0485	0.0970	99.7223	0.0132	0.0132	0.1058	99.8412	0.0191	0.0097
1335	22688	0.2336	7.5502	4.7338	68.0933	0.0132	19.3759	84.4715	0.7903	0.4012
1336	22688	0.3791	79.9101	0.0309	15.3473	0.0353	4.2974	83.5291	0.6758	0.3431
1337	22688	0.0088	0.0132	99.9427	0.0220	0.0044	0.0088	99.9559	0.0062	0.0032
1338	22688	0.0000	0.0044	99.9559	0.0044	0.0088	0.0264	99.9912	0.0014	0.0007
1339	22687	99.8942	0.0132	0.0353	0.0220	0.0220	0.0132	99.9295	0.0094	0.0048
1340	22683	70.2288	0.0044	24.7057	4.9949	0.0176	0.0485	70.2753	1.0728	0.5447
1341	22683	0.0044	0.0088	0.0000	99.9339	0.0088	0.0441	99.9868	0.0020	0.0010
1342	22683	0.0088	91.0991	0.0044	8.5747	0.0176	0.2954	91.3851	0.4250	0.2158
1343	22682	1.5519	0.5996	97.1034	0.1279	0.0176	0.5996	97.7065	0.1832	0.0930
1344	22679	0.0353	97.6807	2.0724	0.0265	0.0176	0.1676	97.8619	0.1538	0.0781
1345	22678	0.0132	0.0265	0.0176	99.9162	0.0000	0.0265	99.9427	0.0079	0.0040
1346	22676	99.9118	0.0088	0.0309	0.0088	0.0132	0.0265	99.9515	0.0067	0.0034
1347	22672	0.0221	0.0176	99.9162	0.0132	0.0132	0.0176	99.9471	0.0073	0.0037
1348	22670	0.0132	0.0309	0.0044	99.9206	0.0088	0.0221	99.9515	0.0066	0.0034
1349	22667	99.9294	0.0000	0.0353	0.0132	0.0176	0.0044	99.9515	0.0065	0.0033
1350	22665	99.6161	0.2206	0.1280	0.0000	0.0044	0.0309	99.6513	0.0368	0.0187
1351	22663	0.0706	0.8472	0.0088	98.9322	0.0132	0.1280	99.0721	0.0803	0.0408
1352	22660	0.0000	99.2807	0.5958	0.0265	0.0177	0.0794	99.3772	0.0562	0.0285
1353	22659	0.0618	0.5340	99.3557	0.0000	0.0132	0.0353	99.4039	0.0555	0.0282
1354	22655	0.1368	79.0510	0.0883	16.9190	0.0530	3.7519	82.1778	0.6964	0.3536
1355	22655	34.4339	0.3266	65.1468	0.0132	0.0309	0.0486	65.1986	0.9607	0.4878
1356	22649	13.8063	5.4351	70.2812	9.9386	0.0530	0.4857	70.6619	1.3107	0.6655
1357	22648	93.0634	0.6226	0.7727	1.0553	0.0221	4.4640	97.4344	0.2119	0.1076
1358	22647	3.9255	0.0397	0.0265	95.9597	0.0088	0.0397	96.0064	0.2475	0.1257
1359	22645	0.0044	99.9028	0.0132	0.0177	0.0044	0.0574	99.9647	0.0051	0.0026
1360	22640	99.9161	0.0088	0.0177	0.0133	0.0309	0.0133	99.9602	0.0057	0.0029
1361	22635	0.4109	0.6097	97.6717	0.7820	0.0751	0.4506	98.1880	0.1586	0.0805
1362	22618	42.1036	57.6576	0.0133	0.1945	0.0133	0.0177	57.6755	1.0026	0.5090
1363	22608	99.2348	0.0310	0.0531	0.4644	0.0044	0.2123	99.4503	0.0534	0.0271
1364	22605	0.1946	23.4329	0.9025	74.0810	0.0221	1.3670	75.1245	0.8824	0.4480
1365	22603	3.5836	0.0310	96.0802	0.0310	0.0265	0.2478	96.3444	0.2314	0.1175
1366	22596	12.8563	67.5783	5.5320	13.9936	0.0354	0.0044	67.6053	1.3906	0.7060
1367	22587	0.0133	60.9289	1.9347	36.7778	0.0354	0.3099	61.1400	1.0768	0.5467
1368	22583	16.5744	0.0797	77.8595	0.2303	0.0399	5.2163	82.1789	0.7024	0.3566
1369	22583	0.0177	99.2118	0.5402	0.0930	0.0133	0.1240	99.3482	0.0617	0.0313
1370	22581	0.0531	0.6598	99.2604	0.0044	0.0133	0.0089	99.2824	0.0645	0.0328
1371	22571	0.0222	0.0310	99.7120	0.0753	0.0133	0.1462	99.8713	0.0160	0.0081
1372	22565	0.0532	0.3102	0.0753	99.4992	0.0266	0.0355	99.5610	0.0458	0.0232
1373	22563	0.0000	0.0133	99.8626	0.0044	0.0620	0.0576	99.9823	0.0026	0.0013
1374	22562	99.9468	0.0044	0.0310	0.0000	0.0133	0.0044	99.9645	0.0048	0.0024
1375	22557	99.9113	0.0044	0.0310	0.0177	0.0089	0.0266	99.9468	0.0072	0.0037
1376	22548	0.0310	0.0532	0.0310	99.8625	0.0089	0.0133	99.8847	0.0147	0.0075
1377	22547	96.2567	0.3992	3.1135	0.1153	0.0266	0.0887	96.3678	0.2505	0.1272
1378	22542	0.0577	98.8954	0.0177	0.9893	0.0177	0.0222	98.9349	0.0896	0.0455
1379	22539	0.0266	0.0222	99.8669	0.0311	0.0355	0.0177	99.9201	0.0106	0.0054
1380	22530	0.0133	0.0621	0.0089	99.8890	0.0089	0.0178	99.9156	0.0107	0.0055
1381	22526	0.0977	0.1065	0.0178	96.1467	0.0888	3.5426	99.7697	0.0265	0.0135
1382	22523	0.0266	99.9023	0.0089	0.0311	0.0222	0.0089	99.9334	0.0089	0.0045
1383	22522	0.0178	97.3448	0.0000	2.5975	0.0222	0.0178	97.3837	0.1763	0.0895
1384	22512	0.0178	99.2626	0.0222	0.6219	0.0267	0.0489	99.3376	0.0600	0.0305
1385	22502	2.9109	0.0178	93.5072	3.4486	0.1111	0.0044	93.6154	0.4076	0.2070
1386	22494	0.6313	0.0178	99.2754	0.0222	0.0445	0.0089	99.3284	0.0607	0.0308
1387	22489	3.0682	3.4595	93.3256	0.0400	0.0400	0.0667	93.4253	0.4185	0.2125
1388	22478	0.0267	84.1223	0.5161	15.2327	0.0845	0.0178	84.2084	0.6650	0.3376
1389	22469	0.0579	99.4081	0.0178	0.2403	0.2136	0.0623	99.6831	0.0340	0.0173
1390	22461	0.0223	0.0267	0.0045	99.8709	0.0490	0.0267	99.9465	0.0073	0.0037
1391	22453	0.0223	0.0223	0.0312	99.8129	0.0490	0.0624	99.9242	0.0101	0.0051
1392	22424	0.0134	0.0089	99.9242	0.0089	0.0178	0.0268	99.9688	0.0046	0.0023
1393	22415	0.0045	4.1490	0.0357	95.7439	0.0223	0.0446	95.8080	0.2545	0.1292
1394	22407	99.8572	0.0089	0.0268	0.0357	0.0268	0.0446	99.9285	0.0095	0.0048
1395	22403	0.0045	99.9241	0.0179	0.0089	0.0179	0.0268	99.9687	0.0045	0.0023
1396	22396	98.9820	0.0268	0.0268	0.9332	0.0179	0.0134	99.0129	0.0835	0.0424
1397	22395	0.0089	99.9196	0.0089	0.0134	0.0179	0.0313	99.9687	0.0046	0.0023
1398	22391	99.8616	0.0313	0.0179	0.0223	0.0357	0.0313	99.9285	0.0096	0.0049
1399	22387	0.0134	99.9196	0.0223	0.0179	0.0134	0.0134	99.9464	0.0074	0.0038
1400	22380	0.0045	99.5666	0.0223	0.3038	0.0402	0.0626	99.6690	0.0336	0.0170
1401	22371	0.0224	0.0313	99.8793	0.0045	0.0402	0.0224	99.9419	0.0078	0.0040
1402	22348	0.0268	99.7449	0.0403	0.0447	0.1298	0.0134	99.8880	0.0143	0.0073
1403	22345	0.0403	99.6823	0.0224	0.0179	0.2238	0.0134	99.9193	0.0107	0.0054
1404	22339	0.0358	99.7538	0.0134	0.0537	0.0671	0.0761	99.8969	0.0132	0.0067
1405	22329	0.0134	0.0090	99.8656	0.0134	0.0582	0.0403	99.9641	0.0052	0.0026
1406	22321	0.0269	0.0448	0.0090	99.8387	0.0627	0.0179	99.9193	0.0105	0.0054
1407	22299	0.0090	99.8924	0.0179	0.0090	0.0269	0.0448	99.9641	0.0052	0.0026
1408	22288	99.5738	0.0179	0.3589	0.0269	0.0179	0.0045	99.5961	0.0404	0.0205
1409	22271	3.5248	75.9508	0.1841	0.2155	0.0314	20.0934	95.0869	0.3110	0.1579
1410	22259	82.7261	0.0449	16.7034	0.4403	0.0404	0.0449	82.7968	0.6964	0.3536
1411	22257	0.0180	74.6372	8.4198	16.8846	0.0225	0.0180	74.6674	1.0510	0.5336
1412	22245	0.0494	99.5505	0.0719	0.2383	0.0135	0.0764	99.6400	0.0389	0.0198
1413	22237	99.7212	0.0899	0.0495	0.0225	0.0540	0.0630	99.8379	0.0196	0.0100
1414	22222	0.1260	31.4328	0.0270	68.3152	0.0270	0.0720	68.3829	0.9152	0.4647
1415	22206	0.0180	4.7780	95.0959	0.0630	0.0360	0.0090	95.1388	0.2870	0.1457
1416	22193	40.1163	4.4158	55.1570	0.2523	0.0225	0.0360	55.1894	1.2225	0.6207
1417	22190	38.9365	0.0315	60.7391	0.0766	0.0496	0.1667	60.8707	0.9773	0.4962
1418	22187	99.7927	0.0406	0.0496	0.0586	0.0225	0.0361	99.8512	0.0185	0.0094
1419	22176	0.9921	0.0225	98.7148	0.1849	0.0451	0.0406	98.7995	0.1028	0.0522
1420	22171	0.2842	7.5188	0.0947	91.8678	0.0496	0.1849	92.0837	0.4243	0.2154
1421	22150	0.6185	23.9594	42.0316	30.0000	0.0677	3.3228	43.5067	1.5918	0.8082
1422	22140	2.0912	0.2936	85.2213	8.5456	0.0407	3.8076	88.6321	0.6103	0.3099
1423	22130	5.0068	0.6010	88.3823	0.5874	0.0090	5.4135	93.4496	0.4077	0.2070
1424	22111	5.7257	11.5734	9.9181	71.7516	0.0362	0.9950	72.4992	1.2689	0.6443
1425	22091	35.3809	1.7111	1.8786	53.0442	0.0317	7.9535	57.6475	1.2098	0.6143
1426	22076	36.6597	1.3136	40.8317	10.2464	0.0544	10.8942	45.8518	1.4916	0.7573
1427	22061	0.1541	81.8730	0.9972	10.3033	0.0317	6.6407	87.7265	0.6019	0.3056
1428	22029	75.1918	12.0478	4.1173	8.4933	0.0272	0.1226	75.3046	1.1684	0.5932
1429	22000	20.3227	69.3364	1.3682	7.3545	0.0545	1.5636	70.4768	1.1912	0.6048
1430	21990	11.9964	74.9068	1.0778	2.6785	0.0227	9.3179	82.6244	0.8397	0.4264
1431	21984	33.1969	47.1479	0.2957	9.7525	0.0227	9.5842	52.1588	1.3941	0.7078
1432	21983	0.0000	0.8461	94.3092	1.2555	0.0318	3.5573	97.8201	0.1726	0.0876
1433	21943	97.4024	0.8841	0.6836	0.6881	0.0228	0.3190	97.7364	0.1916	0.0973
1434	21933	90.9816	3.7979	0.9529	1.6961	0.0410	2.5304	93.3829	0.4417	0.2243
1435	21921	0.7664	0.3832	98.1844	0.1140	0.0182	0.5337	98.7294	0.1144	0.0581
1436	21879	0.2742	34.7822	9.0224	50.0480	0.0457	5.8275	53.1708	1.3641	0.6926
1437	21842	33.3165	55.4024	2.3762	1.1263	0.0778	7.7008	60.0755	1.1859	0.6021
1438	21820	0.2566	11.3978	85.8066	1.5720	0.0504	0.9166	86.6445	0.6553	0.3327
1439	21764	5.0404	8.4589	73.3275	5.1369	0.0643	7.9719	79.7352	1.0393	0.5277
1440	21713	0.5895	3.9377	1.1376	90.8442	0.0599	3.4311	94.1303	0.3909	0.1985
1441	21669	45.9135	2.1459	38.9912	1.4814	0.0508	11.4172	51.8609	1.2411	0.6302
1442	21625	0.9988	4.8647	88.4855	1.2809	0.0370	4.3329	92.5290	0.4743	0.2408
1443	21539	1.2721	79.5116	12.5029	1.6714	0.0371	5.0049	83.7334	0.7855	0.3988
1444	21412	1.2376	32.4024	14.8608	46.3432	0.0841	5.0719	48.8625	1.5349	0.7793
1445	21349	1.4240	19.3967	2.1453	39.6271	0.0749	37.3320	63.3091	1.2323	0.6257
1446	21332	96.7560	0.5860	0.8860	0.4407	0.0516	1.2798	98.0616	0.1675	0.0851
1447	21242	91.2908	0.3672	1.0169	0.4237	0.0518	6.8496	98.0583	0.1658	0.0842
1448	21170	2.1398	92.9003	3.4436	0.4487	0.0283	1.0392	93.9028	0.4088	0.2076
1449	21094	1.4649	90.2389	3.2379	0.5025	0.0521	4.5037	94.5463	0.3744	0.1901
1450	20873	3.9716	9.1170	27.0493	56.7527	0.0958	3.0135	58.5740	1.4756	0.7492
1451	20763	3.3617	1.1174	10.4609	58.7969	0.1734	26.0897	79.7387	0.9549	0.4848
1452	20676	10.9402	60.5194	9.5763	10.1180	0.0871	8.7589	66.3925	1.4530	0.7377
1453	20604	28.0916	1.1794	63.9390	6.3289	0.0825	0.3786	64.2352	1.2538	0.6366
1454	20542	2.8624	2.7359	89.9961	1.9910	0.0487	2.3659	92.2229	0.5162	0.2621
1455	20448	1.7312	2.4990	86.8496	2.7876	0.0342	6.0984	92.5237	0.4999	0.2538
1456	20370	84.0992	0.3240	4.0893	0.7216	0.0785	10.6873	94.2455	0.3700	0.1879
1457	20226	4.1778	2.2446	91.2687	1.3596	0.0890	0.8603	92.1434	0.5102	0.2590
1458	20108	3.8691	11.6571	80.1223	1.4273	0.0448	2.8795	82.5359	0.8705	0.4420
1459	19963	10.1538	1.3174	62.8463	2.6549	0.0401	22.9875	81.6478	0.8923	0.4531
1460	19868	25.5285	67.9736	1.2734	0.9664	0.0503	4.2078	70.9967	1.0092	0.5124
1461	19675	2.0483	0.3914	93.1741	0.2948	0.0508	4.0407	97.1489	0.2171	0.1102
1462	19452	5.9480	72.6044	9.6802	2.8069	0.0411	8.9194	79.7504	1.0161	0.5159
1463	19254	2.1450	28.7680	13.2544	51.5321	0.0727	4.2277	53.8478	1.5200	0.7717
1464	18965	5.3941	5.3309	21.2813	50.6459	0.0633	17.2845	61.2759	1.4490	0.7357
1465	18888	53.4731	0.5559	6.7080	0.2753	0.0635	38.9242	87.6432	0.6139	0.3117
1466	18490	2.2553	83.0773	5.0946	3.0936	0.0324	6.4467	88.8330	0.6727	0.3416
1467	18363	0.6099	58.4164	27.2504	5.7943	0.0599	7.8691	63.4471	1.2354	0.6272
1468	18280	91.3840	0.0875	4.6444	0.5033	0.0383	3.3425	94.5816	0.3352	0.1702
1469	18144	38.4866	46.5884	7.0326	0.0827	0.0606	7.7491	50.5351	1.3160	0.6682
1470	17990	2.4736	0.8894	76.6037	18.5270	0.0945	1.4119	77.7753	0.9302	0.4723
1471	17679	7.0366	3.0488	75.0665	11.7993	0.0622	2.9866	77.4271	1.0872	0.5520
1472	17628	7.8058	4.3397	6.2401	76.3558	0.0794	5.1793	80.5940	1.0098	0.5127
1473	17611	5.6953	0.5849	93.0101	0.0454	0.0170	0.6473	93.6321	0.3740	0.1899
1474	17395	5.9787	0.7358	50.0374	26.8813	0.0287	16.3380	59.8295	1.3019	0.6610
1475	17273	5.1410	0.4284	91.2465	0.0811	0.0579	3.0452	94.1686	0.3495	0.1775
1476	17144	55.3138	8.4344	21.7569	1.8432	0.1225	12.5292	63.3255	1.3600	0.6905
1477	16970	4.2251	30.3771	3.0407	60.5539	0.0884	1.7148	61.6659	1.3042	0.6622
1478	16873	12.2622	2.5425	3.0641	50.1215	0.0830	31.9267	73.7186	1.1488	0.5833
1479	16821	2.0391	63.0521	29.3799	0.2972	0.0476	5.1840	66.5328	1.0602	0.5383
1480	16721	61.5812	1.2978	34.9501	0.2811	0.0718	1.8181	62.7674	1.0590	0.5377
1481	16606	0.7588	16.9035	23.4313	56.7566	0.1265	2.0234	58.0036	1.4416	0.7319
1482	16518	11.3876	0.0605	86.9234	0.0666	0.1029	1.4590	88.3026	0.5321	0.2702
1483	16430	98.6062	0.1217	0.4565	0.0609	0.0791	0.6756	99.3561	0.0634	0.0322
1484	16338	0.7834	53.4766	4.3151	39.5520	0.2020	1.6710	54.4973	1.2595	0.6395
1485	16234	0.2772	0.0862	2.0266	93.5567	0.3080	3.7452	97.5090	0.1865	0.0947
1486	16095	7.6297	0.0621	91.8981	0.2175	0.0994	0.0932	92.0754	0.4191	0.2128
1487	16054	0.1620	0.0872	99.4705	0.0872	0.0747	0.1184	99.6630	0.0376	0.0191
1488	15991	0.5628	0.3002	98.7493	0.0875	0.1251	0.1751	99.0466	0.0900	0.0457
1489	15851	23.8155	0.4732	75.0426	0.0505	0.1262	0.4921	75.5094	0.8422	0.4276
1490	15569	0.7900	17.7468	0.1670	80.1529	0.2955	0.8478	81.0799	0.7614	0.3866
1491	15482	0.4069	0.2907	79.7184	3.8626	0.3746	15.3469	94.5892	0.3451	0.1752
1492	14405	99.4308	0.0833	0.0486	0.0347	0.3332	0.0694	99.8327	0.0203	0.0103
1493	14273	99.0191	0.0911	0.0490	0.0631	0.3503	0.4274	99.7952	0.0244	0.0124
1494	14066	0.2204	0.1066	98.7701	0.1209	0.4692	0.3128	99.5486	0.0485	0.0246
1495	13691	0.0803	0.1388	0.0438	99.0140	0.4017	0.3214	99.7351	0.0303	0.0154
1496	13589	0.0662	99.2126	0.0442	0.0957	0.3900	0.1913	99.7927	0.0246	0.0125
1497	13400	0.1716	0.3657	98.5075	0.0970	0.1119	0.7463	99.3602	0.0647	0.0328
1498	13261	0.2564	0.1207	0.0377	98.7708	0.0603	0.7541	99.5818	0.0443	0.0225
1499	13111	99.5653	0.0763	0.0763	0.0610	0.0458	0.1754	99.7860	0.0254	0.0129
1500	12854	98.7475	0.1089	0.1400	0.1167	0.0389	0.8480	99.6311	0.0409	0.0208
1501	12649	0.2767	99.0750	0.1739	0.0474	0.0237	0.4032	99.4998	0.0521	0.0264
1502	12532	99.3377	0.1037	0.1756	0.0878	0.0878	0.2075	99.6319	0.0407	0.0206
1503	12360	98.2686	0.0809	0.9790	0.0971	0.0890	0.4854	98.8364	0.1004	0.0510
1504	12186	0.0739	0.1641	99.4994	0.1231	0.0492	0.0903	99.6384	0.0400	0.0203
1505	11982	0.0835	0.2086	98.6313	0.0835	0.4173	0.5759	99.6207	0.0414	0.0210
1506	11806	0.1271	0.1779	0.3134	98.3059	0.4574	0.6183	99.3749	0.0640	0.0325
1507	11711	98.6081	0.1452	0.3757	0.1793	0.4696	0.2220	99.2949	0.0708	0.0359
1508	11311	20.9973	0.7338	74.2109	2.5550	0.7868	0.7161	75.3433	0.9724	0.4937
1509	11202	0.0982	98.6877	0.3660	0.0893	0.4821	0.2767	99.4423	0.0568	0.0288
1510	11085	0.1624	97.5643	0.0902	0.9743	0.4781	0.7307	98.7581	0.1079	0.0548
1511	9765	1.0445	4.6697	93.1695	0.0922	0.4301	0.5940	94.1335	0.3686	0.1872
1512	9535	0.4824	0.2307	0.0629	97.8291	0.5034	0.8915	99.2129	0.0761	0.0386
1513	9147	98.5022	0.2187	0.1421	0.2514	0.4264	0.4592	99.3823	0.0638	0.0324
1514	8232	0.5952	35.2527	47.9956	15.2454	0.5466	0.3644	48.4369	1.4968	0.7600
1515	8118	0.9731	48.8298	48.8298	0.3942	0.4804	0.4927	49.3096	1.1032	0.5602
1516	8027	5.1825	0.3987	92.4380	0.7599	0.5108	0.7101	93.5805	0.3988	0.2025
1517	7982	0.2005	0.2130	97.7449	0.1503	0.2130	1.4783	99.4265	0.0600	0.0304
1518	7479	98.7030	0.1203	0.1203	0.2273	0.2139	0.6151	99.5281	0.0504	0.0256
1519	7398	98.0806	0.1352	0.1757	0.3650	0.2433	1.0003	99.3156	0.0690	0.0350
1520	7232	0.2904	40.5282	51.9912	6.2085	0.2489	0.7329	52.5066	1.2907	0.6553
1521	7141	0.1961	43.4393	54.3341	0.1120	0.4761	1.4424	55.3969	1.0215	0.5187
1522	6925	0.3177	0.1155	0.1011	97.9206	0.5632	0.9819	99.4573	0.0561	0.0285
1523	6863	0.3934	0.2477	98.3389	0.0583	0.5391	0.4226	99.2938	0.0698	0.0354
1524	6719	0.2977	92.7519	3.4231	1.7711	0.8930	0.8632	94.4099	0.3769	0.1914
1525	6046	0.1985	0.1323	97.9325	0.1654	0.8932	0.6781	99.4959	0.0536	0.0272
1526	5965	0.4526	0.5029	97.0495	0.1006	0.9053	0.9891	98.9234	0.1004	0.0510
1527	5784	1.9364	84.8893	0.5878	9.8721	1.8672	0.8472	87.2579	0.6635	0.3369
1528	5676	0.2290	0.3347	0.1409	96.3531	0.9338	2.0085	99.2739	0.0729	0.0370
1529	5662	0.1060	0.3179	97.7217	0.0530	0.9361	0.8654	99.5144	0.0503	0.0255
1530	5573	0.1615	0.2153	97.7570	0.0897	0.0897	1.6867	99.5250	0.0506	0.0257
1531	5476	98.3747	0.1096	0.0913	0.0548	0.0548	1.3148	99.7408	0.0300	0.0152
1532	5387	3.6941	0.3341	0.2228	93.7999	0.0743	1.8749	95.6645	0.2873	0.1459
1533	5297	0.2643	96.2432	0.2077	0.6985	0.0378	2.5486	98.7984	0.1104	0.0560
1534	5246	98.0747	0.2859	0.0762	0.1334	0.0572	1.3725	99.4972	0.0526	0.0267
1535	5179	0.0965	97.4706	0.3862	0.5793	0.0386	1.4288	98.9222	0.1002	0.0509
1536	5090	0.0589	97.2888	0.1965	0.1572	0.0196	2.2790	99.5777	0.0455	0.0231
1537	5024	0.0597	0.0995	0.1393	98.0295	0.0199	1.6521	99.6964	0.0343	0.0174
1538	4449	0.1573	96.7633	0.3372	0.1798	0.0225	2.5399	99.3080	0.0700	0.0355
1539	4368	0.4808	95.6044	0.5037	0.2060	0.0229	3.1822	98.7701	0.1140	0.0579
1540	4105	0.1949	0.0487	0.1949	96.1510	0.0244	3.3861	99.5460	0.0482	0.0245
1541	3614	2.0476	0.0000	0.1384	90.7305	0.1660	6.9175	97.6474	0.1688	0.0857
1542	1778	58.5489	0.0000	0.0000	0.0000	0.0000	41.4511	100.0000	-0.0000	-0.0000
